"","V1","V2","V3","V4","V5","V6","V7","V8","V9","V10","V11","V12","V13","V14","V15","V16","V17","V18","V19","V20","V21","V22","V23","V24","V25","V26","V27","V28","V29","V30","V31","V32","V33","V34","V35","V36","V37","V38","V39","V40","V41","V42","V43","V44","V45","V46","V47","V48","V49","V50","V51","V52","V53","V54"
"1",14.8376396311471,21.3333262361973,15.3179817593902,14.0641951646719,16.5808765681188,17.343956372524,18.8883217363339,22.0395524261496,13.9247205927115,14.2498244377189,26.3038252495649,10.4052644064207,18.813563219592,17.0140110407785,25.959200880297,17.2687203514072,29.9882899778795,27.0369090901659,12.9598864655734,20.5322134150401,15.9725697078168,14.4448673351385,19.0872597978091,18.4181231596858,18.0913674429798,13.6759444125441,16.032926716236,24.7625457427198,10.5294538001658,20.5720980881815,11.2056774301673,18.7215175057104,25.4624669322068,20.9084715711588,12.8817385644277,15.031367919574,17.1209876812011,13.9399880976923,18.413752615772,8.37056106668933,16.8115864276481,15.0233709272352,16.8069039603533,13.6851389089661,15.2796626340014,12.5054005888762,13.8242511942633,11.4632946820002,12.6532399839759,11.3414034761834,16.0827459661614,26.154063779549,14.7540035919471,14.852292355592
"2",13.4512111820666,18.8500843451691,13.5311246536327,13.4485961092839,15.0020580134072,15.352208727119,17.2540400008352,19.9153971672713,12.9054579339183,13.8538436613293,22.6802992965406,10.9454392169037,16.7935319399446,15.2817486867275,22.0701220297385,15.5164270827795,25.6226635816119,23.3254244975122,12.5996387157726,17.6421536142094,14.5787411976941,13.4333908601795,16.9851361321038,16.0667426799848,16.3000002687426,13.1251755320879,15.0529337742474,22.0616833674851,10.4991500726225,18.234707679714,10.5892081512934,17.5358562235059,22.5284588964206,18.5190641092857,12.0811885130597,14.0158542772889,15.6540459062652,13.3058231479042,16.949655672289,8.37230653592019,15.6781578247564,13.93623318374,15.8818853849749,12.3438914125526,13.8167572090219,12.0198972940834,13.5072389305484,11.5248884055486,12.3691017193581,11.3176525741603,14.870873710645,23.6327513999835,13.9839732594282,14.2597031758725
"3",12.2297540545847,16.5646759551129,12.0136507332586,12.8355159685445,13.564826089183,13.5712374865982,15.7652200273525,17.9654712819032,11.9808368499096,13.4572797742823,19.4636782746854,11.3601355401773,14.9947735397428,13.7158312356145,18.579824429912,13.9260518028999,21.7234933607603,20.0000151620406,12.2245363584266,15.1525994372837,13.3229006572264,12.4625405140858,15.0936668911979,13.9490540013924,14.6829390382256,12.5536441851097,14.1304871098296,19.6052780958203,10.3884545547459,16.1156733997673,10.0470493800048,16.4118769413992,19.8347115516011,16.3784795985895,11.3782841995,13.0898642047531,14.3170269450925,12.7177759155471,15.6092921112183,8.39519671963769,14.5933992297405,12.9187712817733,15.0190536801298,11.175508207312,12.5071360568506,11.5695650757807,13.0946605346181,11.4743278499053,12.0764693256043,11.2676352070872,13.733194155378,21.2620093825203,13.2123914956627,13.6606767069425
"4",11.1726344638086,14.4781335148886,10.7650815321144,12.2255369209093,12.2691151361993,12.0009996251367,14.421501856241,16.1900744940652,11.1506135697564,13.060344907079,16.6530964479072,11.6494417772905,13.4159204756854,12.3165547724284,15.4880600215815,12.4978982216569,18.2903560034246,17.0603587745947,11.8340506137645,13.0614060239298,12.205267850218,11.5327050186694,13.4122915601601,12.0649429167854,13.2395141335667,11.9615114472075,13.2651720751848,17.392977630352,10.198421982254,14.2155147097237,9.57872194935268,15.3500830617314,17.3815283344236,14.4864600053531,10.7721077807815,12.2528341030494,13.1099473955977,12.1758200488839,14.3926352196285,8.43824396524082,13.5578660171826,11.9708603228717,14.2182739256974,10.1792359327705,11.3508607025899,11.154297438982,12.5878820847626,11.3120501938699,11.7751540505391,11.1911656584913,12.6700779015075,19.0427308270631,12.4402612622431,13.0560912780603
"5",10.277480106279,12.594194588033,9.78324341019139,11.6209375007047,11.1147614673183,10.6409972651161,13.2215717144673,14.5902820045101,10.4139830004047,12.6638067102569,14.2452226161669,11.8138419790441,12.0521642390543,11.0848410491452,12.79341030884,11.2326142990645,15.3212753592904,14.5050388010424,11.4267650338096,11.3608746281836,11.2264136086136,10.6453907273251,11.9389950126608,10.4139978339194,11.9672447757733,11.3496009432139,12.4558528211464,15.4235674424431,9.93294288518803,12.5358252140012,9.18244264916742,14.352419310036,15.1702298710231,12.841826504321,10.2593949046795,11.5027353227134,12.0327748256816,11.6799119618161,13.2995415922207,8.49796835137374,12.5737288313987,11.0919681178252,13.4788941850509,9.35237001240947,10.3480036437046,10.7735968716685,11.9922214722108,11.0399049987557,11.4644737239156,11.0876488752777,11.6830508588494,16.9783367259838,11.6716380843351,12.4490585081012
"6",9.53930780120886,10.9199746659283,9.06291043172776,11.0264685545357,10.1014072353919,9.48926189159482,12.1627564307787,13.167845289044,9.76939564490156,12.2691943173526,12.2328010957093,11.8546927553763,10.8942048592751,10.0220699266664,10.4918789561149,10.1302741939176,12.8110258110343,12.3303525375138,11.0007316527832,10.0356658591338,10.3868508213583,9.80340303660898,10.6695203050796,8.99493105292263,10.8609468063793,10.7200007914104,11.700777331087,13.6945133373964,9.59997332699428,11.0790423392884,8.85462783434212,13.4228610618611,13.203456914046,11.441610133352,9.83373517558047,10.8357003982507,11.0850119854944,11.2301248001509,12.3295415206671,8.56775760621386,11.6454378810711,10.2808282924202,12.7992858944764,8.68944509860025,9.49813941028215,10.4264680814742,11.3189569657505,10.6620572452704,11.1432005722637,10.9561067673779,10.7753859498338,15.0756369789319,10.915308106533,11.8455883158065
"7",8.94939067871358,9.4660271827904,8.59283477531257,10.4503700623313,9.22847024445326,8.54081968788243,11.2403961330293,11.9251376657647,9.21464342098105,11.8789649963828,10.6022933825358,11.7753399026478,9.92730972744321,9.12939035393113,8.57439706734049,9.18875279473619,10.7483046593484,10.5284820370159,10.5554351656096,9.06072532256221,9.68607436977408,9.0118838030248,9.59674695615754,7.80537251077255,9.91187794874843,10.0772711701861,10.9989932344108,12.2015575024322,9.21263474712688,9.84716183703895,8.58924385710662,12.5681452120194,11.4857228830499,10.2793410323422,9.48498091250806,10.2455816536605,10.26521323697,10.8265279633714,11.4811859479523,8.63756980399493,10.7805579763242,9.53524101059456,12.1760925329177,8.18164165659356,8.7995808793508,10.1108292833408,10.5880123177236,10.1868511926969,10.8096140857653,10.7953780137884,9.95297951697235,13.34608524276,10.1871049270701,11.2550201043294
"8",8.49390078344827,8.24535136076561,8.35093022766237,9.90542654542196,8.49505432822681,7.78599653030177,10.4469035148996,10.8651870522126,8.74715935715535,11.496632446871,9.33044633102291,11.5830180464128,9.13038013036901,8.40637316792851,7.02355801204068,8.40192632075896,9.11190626353101,9.08509917256826,10.0953860239066,8.39900201780469,9.12113432975705,8.28061064235995,8.71038529876658,6.8423368833718,9.1071376959402,9.43020430637355,10.353128611365,10.9382254120115,8.78987573918382,8.83922162143788,8.37701001244501,11.7984029860665,10.0239269061277,9.34243198706726,9.19899948666471,9.72330984446238,9.57059710589536,10.4685863481826,10.7508366103981,8.69403991975679,9.99057478740717,8.85224425970995,11.6033517801829,7.81638744906906,8.24850023974239,9.82227814252474,9.83085366716505,9.62984635937964,10.4617321482756,10.6044921214023,9.22519013929819,11.8071839802561,9.51220127024117,10.6901323111979
"9",8.15617506165816,7.26670277807997,8.30682741303544,9.4048866214875,7.8983895055007,7.21147217395368,9.77274972298357,9.98870995990656,8.36338146511927,11.1261976653155,8.386455901615,11.2888400311136,8.48019234935798,7.84894500122313,5.8168212641903,7.76081298018095,7.87214514872638,7.97955121470586,9.62885919732216,8.00651536910269,8.68611941368832,7.6213480125004,7.99804538343967,6.10107014891199,8.43243789497093,8.79004529993646,9.76768241027535,9.89473792549383,8.35172026645834,8.04914539050342,8.20765513254688,11.123022942649,8.82209372649625,8.61321296074034,8.96132520427739,9.25888887578818,8.99657032662637,10.154965906301,10.1325907813487,8.72440314641595,9.28674192126149,8.22927376731817,11.0742537271611,7.57842505537399,7.83827980194578,9.55537160829064,9.08181386902106,9.01203026753318,10.0988935412357,10.3834654334935,8.60042131230938,10.4752032816346,8.91606434640303,10.1635959468854
"10",7.91881125724132,6.5294508101007,8.4249316593858,8.9589772644729,7.43260093888562,6.80147233824619,9.20745102199889,9.2917260200974,8.05817839732854,10.7716673251674,7.73441691315948,10.9073892452799,7.95498667125809,7.44801704136654,4.92975681614409,7.25485577812984,6.99279088904081,7.18550576486546,9.16612581849414,7.83688386545387,8.37204068650861,7.04523559192913,7.44615057745764,5.57401886376832,7.87444116378538,8.16869914277918,9.24706621734938,9.05724102966235,7.91533178002994,7.46454615016221,8.07189078481662,10.5472080805251,7.87705398747831,8.07030720007187,8.76013101309734,8.8431283506606,8.53642346720102,9.8835079347782,9.61847614847687,8.71961117972533,8.6765888489235,7.66505168729344,10.5827306426745,7.45074528581877,7.55917221103998,9.30491334470251,8.37054639418335,8.35774927066972,9.7229764169355,10.1338602288456,8.08241100451567,9.35905670878381,8.41674100756442,9.68511508508676
"11",7.76380151496958,6.02325136116772,8.66461828481225,8.57468175601215,7.08863057235323,6.53784480979842,8.73963172892897,8.76540610805625,7.82481284277503,10.437023099256,7.33347943669633,10.4566934266674,7.53469599641333,7.18939790255206,4.33625214094102,6.87200440828994,6.43119176969568,6.67099211368196,8.71934014502375,7.84161365701065,8.16682434177859,6.56262171723006,7.03999576320076,5.25076447768106,7.42090983704374,7.57861634800416,8.79547923231666,8.40775686165545,7.49476256493789,7.06665036104865,7.96153699420734,10.0717565709259,7.17816915620952,7.68871917408004,8.58641772245086,8.46775395289183,8.18131159779087,9.65122751754758,9.19846337425186,8.67453059894942,8.163698484952,7.15964315318835,10.1235582943883,7.41464665415765,7.3982789229098,9.06603585218232,7.72154455173075,7.69457643680165,9.3384758423356,9.85882026918839,7.66999533043962,8.45991122849393,8.02436630299613,9.26124480233156
"12",7.67253238048877,5.72804686459393,8.98023259755855,8.25573968542842,6.85423713123651,6.40005944244069,8.35702421302297,8.39607234307511,7.65494152698696,10.1262216597892,7.13784879545812,9.95822466225824,7.20094583866397,7.05379362561505,4.00851219230475,6.59871525290241,6.13827478702781,6.39840124098866,8.30253955947587,7.97009855508044,8.05531170167904,6.1830633830882,6.76374733814892,5.11802333375582,7.06070596612186,7.03279294991232,8.41690826842904,7.92418370896703,7.10095374018145,6.83029793850507,7.86952224322127,9.69306175755652,6.70733152363836,7.43983457409096,8.43401400323951,8.12540744708369,7.92025429070116,9.45431352542426,8.86046609593981,8.58794286686443,7.74770718742837,6.71445627823386,9.69235594881068,7.44973537758903,7.33955020424597,8.83420046751042,7.15414148892939,7.0533115484416,8.95250379906772,9.56307079919727,7.35710855061684,7.77118721245746,7.74116347923136,8.89539117798444
"13",7.62578533810522,5.61406804813438,9.32109236302822,8.00264707097,6.71399672715715,6.36520875347394,8.04646925033296,8.16519877280501,7.53861556807412,9.84319442398161,7.09678749979013,9.43689812475268,6.93705442678448,7.01680893626861,3.9170597969076,6.41995162682692,6.05854769730732,6.32448733690163,7.93164339141586,8.1696218760878,8.01926000442767,5.91532538468733,6.60044340497516,5.15964649708723,6.78379124697806,6.54476977411404,8.11512715484357,7.58029699838611,6.74173553699002,6.72394386011963,7.78988349876983,9.40311270759033,6.43896525645512,7.29142167196961,8.29957596467256,7.80964692381873,7.74013596121701,9.28812882138294,8.59034146019462,8.46254387558551,7.42430507723171,6.33224167692751,9.28558640795369,7.53392612131559,7.36378575652709,8.60519769373267,6.68251016028463,6.4679791529057,8.57478856582968,9.25291821481895,7.13278386792189,7.27855926364776,7.56144499188936,8.58781163889353
"14",7.60414267371681,5.64316631850601,9.63334963873777,7.81274785563223,6.6497593917017,6.40845791554005,7.79418358994138,8.04992783760059,7.4645491811704,9.59165558213359,7.15607551471223,8.92011851397227,6.7281092589392,7.04989682483627,4.03103169279309,6.31936796885227,6.13164524209341,6.40151575133546,7.62356391872529,8.38674806401431,8.0379366610429,5.76673309277089,6.53213723358241,5.35649041856552,6.58117258190667,6.12808159679727,7.89324572018374,7.34649564030161,6.42203730703832,6.71087136078612,7.71778648337351,9.18991004294128,6.34082027886481,7.2086563654119,8.18226771804,7.51513184334083,7.62596310137262,9.14736518181492,8.37229357432068,8.30460118635594,7.18547699233191,6.01673141172353,8.90058367679122,7.64400391176934,7.44910562991423,8.37539617846891,6.31563997140411,5.97435714283032,8.21720861735446,8.9359997512201,6.9817544080043,6.96057987722341,7.47237612047433,8.33587506286793
"15",7.59033039888829,5.77650521465812,9.87073858497423,7.68076208489379,6.64328450739822,6.50564242373113,7.58730453295068,8.02605176313791,7.4216708279945,9.3739939017294,7.26643994335472,8.43227545118423,6.56140902842476,7.12584018314699,4.31988746974626,6.28037312248222,6.30125504004305,6.58388975971975,7.39107444679722,8.57535610628627,8.09154972009518,5.73943621961733,6.54072542409609,5.68567031610973,6.44458782398962,5.79307730761044,7.75110621090788,7.1941104488771,6.14509983642126,6.7561953412347,7.64964269467468,9.03986640855939,6.37855511220199,7.1600394547129,8.08191736788691,7.23869123681534,7.56234921278161,9.02693761013889,8.19120250851633,8.12197537841009,7.02089344412195,5.77055474136299,8.53571267913621,7.75886789188662,7.57366866688413,8.14317999046118,6.05720195107557,5.60148269606587,7.89110196398454,8.61983850694462,6.88792249776764,6.79227964649903,7.45838308589332,8.13556327746563
"16",7.5706198466936,5.97916162769171,10.0010050742259,7.59910187586247,6.67781738851037,6.63482208509251,7.41481393830703,8.06979610412443,7.40005115335364,9.1906097769031,7.38859787464548,7.99145048616622,6.42672799471388,7.22203105697077,4.75443190020999,6.28676641712319,6.52045727887051,6.83211486016678,7.23973926502161,8.70144532429279,8.16330005761036,5.82817371030184,6.6084433347014,6.12011352862818,6.36631778155917,5.54501765148473,7.68372576359056,7.09798154687002,5.91320058222683,6.83105198236087,7.58317940943982,8.93924249266611,6.51847844433003,7.12093650588176,7.99791387976498,6.97996273106759,7.53440313063465,8.92251933759397,8.03401756332757,7.92293637032353,6.91874272232187,5.59399126934088,8.19046480367711,7.86147181672805,7.71729874327288,7.90980843439063,5.90546809382823,5.36657091625345,7.60565653123855,8.3109790231864,6.83643507461698,6.74732099629611,7.50379009672264,7.98236929416208
"17",7.5348876706348,6.22032276792611,10.0061819271703,7.55788494314805,6.73815677063802,6.77634754114494,7.26757777724863,8.15789609348,7.39094270785501,9.03988684913366,7.49347225539052,7.60927613216423,6.31632730053847,7.32061102286315,5.30685870279242,6.32276489717722,6.7519532946113,7.11296847541967,7.16778222566723,8.74334109762384,8.23946922634296,6.02017806311126,6.71788628970749,6.62854039618453,6.33917817056482,5.38399379757442,7.68122973093781,7.0365686980818,5.72768471815488,6.912778092455,7.51744268026106,8.87420849929821,6.72766648957871,7.07372938359732,7.92915985781606,6.74141990368227,7.52776705069559,8.83056472532619,7.88981691204892,7.71611274960019,6.86576651537169,5.48491756921555,7.86546199407199,7.93890712139022,7.86155438371132,7.67945285746445,5.85330790718329,5.27479731215007,7.36784125586377,8.01495028003405,6.81377252969567,6.79809037904494,7.59293223476349,7.87133575957641
"18",7.47661584464219,6.47328616489897,9.88258891267396,7.54493459886228,6.81065481071714,6.91286026788456,7.13834613330596,8.26759664233689,7.38677994790578,8.91819200724506,7.56219189027393,7.29093586589263,6.2249549718898,7.40847118816519,5.95075054226695,6.37300332204213,6.96806557162215,7.39949995285243,7.16608674388173,8.6916948640702,8.30941945577615,6.2951753295441,6.85200957954752,7.17546425999779,6.3565196145733,5.30492733925685,7.72885168178724,6.9919513073578,5.58896513451723,6.98491110720242,7.45279733555618,8.83084414830781,6.97396298874416,7.00781625120828,7.8740715447722,6.52837228300346,7.52861652930141,8.74830926438851,7.74980760072358,7.51049177267255,6.84725991043139,5.43880718460879,7.56245674894852,7.98240292100576,7.98972876162505,7.45919664941608,5.88818841165395,5.31929779762878,7.18240608583618,7.73626569647093,6.8077487078855,6.91569827478459,7.71015545504204,7.79705495547161
"19",7.39288999747548,6.71546028323637,9.64082244044874,7.54578346956271,6.88321812626628,7.02929355223725,7.02175203019697,8.37665593069359,7.38117912710122,8.81987680437818,7.58608555281096,7.03516838955914,6.14984360062582,7.47724983286303,6.6610761926168,6.42253642292205,7.1507336418352,7.6710287731311,7.21820279351456,8.54947611460238,8.36559261430952,6.62539427895451,6.99413067062956,7.7211995280358,6.4122272989807,5.29757439111798,7.80693946937763,6.94982800502348,5.49652214671526,7.03718581081762,7.39092472666202,8.7951408265911,7.22598365087668,6.91960734102293,7.83057917877027,6.34896045930222,7.5236626785734,8.6737685628475,7.60732547515096,7.31541748854306,6.84707524184443,5.44873180853663,7.28433054368319,7.98732417304248,8.08685128501718,7.25903005005519,5.99217939725066,5.48117758619392,7.05188134681665,7.47842336668332,6.80751162949908,7.06998421355812,7.83981858777284,7.75366918808929
"20",7.28404809346581,6.92849442608127,9.30358146704879,7.544457498915,6.94552700017582,7.11307845232806,6.91406420365789,8.46410277214404,7.36891538707931,8.73757633519783,7.56543982809355,6.83516660572023,6.09022154451245,7.52283501479479,7.41359214739607,6.45731492443429,7.29064912795286,7.91276670901941,7.30182251294187,8.33028392066808,8.40329130695307,6.97749946661272,7.12839532189581,8.22356292399671,6.50064803510374,5.3473897525621,7.89223519141333,6.89942899334881,5.44884200537847,7.06484273571307,7.33434752966527,8.75345533965793,7.45405304487398,6.81163279550437,7.79620225508563,6.21312489950318,7.50061519503134,8.60552469952333,7.45781978484743,7.14019496469091,6.84843383481673,5.50561003576989,7.0347609414933,7.95278405712127,8.14002208036986,7.09075492293712,6.14306216074983,5.73138728171106,6.97644411084217,7.24395590373645,6.80369571447907,7.23057613264351,7.9667156058804,7.73495290923279
"21",7.15217194104973,7.09883651326519,8.8963323906194,7.52684229126465,6.98997660025877,7.15502814783172,6.81212555535673,8.51348857973222,7.3458243904385,8.66349255215282,7.50416554915846,6.68243762741929,6.04521412236241,7.54322886036769,8.18227325968661,6.46622948189804,7.38354179970837,8.11419545426173,7.39511614806883,8.05109698530897,8.41973895457722,7.32089142393542,7.24177899190668,8.64517829486519,6.61627708863173,5.43923744573759,7.96337107106213,6.83313968058747,5.44315287175128,7.06565857522582,7.28438934378373,8.69445822603498,7.63422741616796,6.68871192382883,7.76837268428663,6.12817825314392,7.45017050768812,8.54180887160319,7.29878707567138,6.99239091583412,6.83741146311556,5.59927545347968,6.81679223804185,7.87997961496938,8.13984819660923,6.9632820824083,6.31909019179385,6.03877841988816,6.95334441141613,7.03464445790271,6.7890754012941,7.37143903509116,8.07788875348081,7.73466532703526
"22",7.00039132845963,7.21799038334196,8.44300278419456,7.48223599966994,7.01211116208016,7.14974588914569,6.71286346365645,8.51438749175672,7.30875694418551,8.58998625688147,7.40733743399644,6.56858339368934,6.01287543925349,7.53756236583515,8.93812750108556,6.44205354580673,7.42846633852122,8.26831822680175,7.4796548110607,7.72892925521523,8.41364621021761,7.63153552081231,7.32501008420893,8.95684630506152,6.75361371417373,5.5591023797856,8.00340469664509,6.7463270640584,5.47530302362967,7.03857631852743,7.24023345789161,8.61003251107884,7.7501504045856,6.55618608705586,7.74458386449047,6.0967628653433,7.36692890707044,8.48007822169017,7.12974069461405,6.87704978713604,6.80454618422799,5.71896934946702,6.63217610245026,7.77142398422406,8.08110612332497,6.88046195931247,6.50118526854096,6.3738194745889,6.9766405575957,6.85161744291855,6.75886666012054,7.47297327745352,8.16346493868056,7.74671306465143
"23",6.83286520734074,7.28252275111324,7.96586495293343,7.40339131646743,7.010635729393,7.09563602846006,6.61327654226885,8.46243693562956,7.2555777727395,8.50959310783971,7.28112755658759,6.48534881793866,5.99016220678752,7.5060687572232,9.64916391242729,6.38146885717074,7.42775601109152,8.37163953190569,7.54048951262954,7.38073948745666,8.38519923483994,7.89206549921008,7.37259491217172,9.13763555399807,6.90715724886853,5.69413663476287,7.99988757529014,6.6373350354915,5.53975756201269,6.98366820905456,7.19889739927974,8.49529800955294,7.79310322352522,6.41987091480485,7.72239471232253,6.11679554732975,7.24941934466707,8.41700439507777,6.95220996519972,6.79667255685635,6.74488181571353,5.85335403514351,6.4813537480305,7.63092563780083,7.96275970546484,6.84102594153052,6.67299684076074,6.70869633977568,7.03719197680418,6.69535320557258,6.71073514585092,7.5220713081244,8.2166783498925,7.76515455859827
"24",6.65478169275118,7.29406320762843,7.48553593412036,7.28651547327203,6.98741615413834,6.99490401975764,6.51043464025454,8.35933762787622,7.18516551793214,8.41502362030102,7.13280534690118,6.42462178795085,5.97293374309044,7.45008349033049,10.2803926037833,6.2850654475173,7.38702266940006,8.42416516216226,7.56615116203406,7.02343124948266,8.33605969734001,8.09178347317229,7.38281769898665,9.17488257607936,7.07140711238476,5.83265946164173,7.94486513293215,6.50748438102768,5.62959841110231,6.90213574450904,7.15523293365552,8.34861132562757,7.76200465995657,6.28605630525511,7.6994296629164,6.18146757644134,7.10009943292883,8.34847353974994,6.76974018748582,6.75121673635113,6.65796793520405,5.99051284553137,6.36345593228516,7.46358838389335,7.78796014333475,6.83858637398045,6.82090202983404,7.0173123295095,7.12265921483106,6.56568002570549,6.64479619809386,7.51211766733914,8.23387045583601,7.78420005875497
"25",6.47235361246206,7.25929056539243,7.02097396169497,7.1312676264522,6.94747032067086,6.85354947652848,6.40148292041892,8.21283822477274,7.09741170085269,8.29916996399436,6.97073107053461,6.37843712264983,5.95595770933614,7.37204121007303,10.793862081982,6.15733187147799,7.31514539417239,8.42939320064564,7.54865114842686,6.67384557649783,8.26935900196555,8.22664736762378,7.35773194978563,9.06419113239244,7.24086138400971,5.96416028207249,7.83487409123349,6.36106502626767,5.73652758011799,6.79630909564151,7.10193684621573,8.17156198526182,7.66339471321651,6.16150109501693,7.67337980188361,6.27925837488453,6.9253455087971,8.26959362343595,6.58788776925133,6.73810146095499,6.54785013894584,6.11795888309773,6.27630374302591,7.27580819746899,7.56403701486096,6.86165450274916,6.93400853416736,7.27530008789985,7.21751862253966,6.46177544270189,6.56360906891474,7.44297903710041,8.21448379155974,7.79821262049861
"26",6.29241630864253,7.18869890985816,6.58915897492901,6.94052258924516,6.89817510157097,6.68073881527699,6.28401041347921,8.03534823985067,6.99312690646342,8.15572024819228,6.80376660042527,6.3393341347974,5.93342850468469,7.27520097428578,11.1520324426882,6.00577255080022,7.2232442339089,8.39350099987096,7.48353387570699,6.34809743736064,8.18917663526343,8.29813579538278,7.30238077209994,8.80936820260325,7.40988821783079,6.07956976920982,7.67070542664349,6.20463524126344,5.85116192509063,6.6695945832359,7.03052519951341,7.96862292949423,7.50995607500564,6.05295138907237,7.64210515852508,6.39517162402866,6.7345547003053,8.17535565707398,6.41378024400997,6.75266753993276,6.42218973126517,6.22342517561746,6.21647963789399,7.07498689065398,7.30168698049431,6.89526204019862,7.00441718402731,7.4610978606849,7.3043895559294,6.38210539227527,6.47165529858911,7.32010507854702,8.16050041728936,7.80179776146306
"27",6.12112423149997,7.09259873550243,6.2040572410832,6.71960515708279,6.8466963348487,6.48677217777787,6.15724439364316,7.83944291779105,6.87373675555032,7.98114923887782,6.63936590139644,6.30151538645414,5.90064723169727,7.162755784938,11.3287068930992,5.83804734608106,7.12135439514054,8.32271041988511,7.37004701251396,6.05942541585887,8.09884964207366,8.30956945765826,7.2222701639514,8.42221655353136,7.57230913718449,6.17213834088321,7.45663619047818,6.04475057016002,5.96398838507954,6.52630446647444,6.93449061644983,7.74601786606831,7.31572268123059,5.96557960988366,7.60396620802068,6.51474114700863,6.53723498872277,8.06277652543792,6.25469041889061,6.78966834296564,6.28941089722824,6.29742534523779,6.17955766253642,6.86860420272708,7.0123446145935,6.92621618019827,7.02807280448078,7.55943737464321,7.36833544090145,6.32422696670246,6.3736482849489,7.15161451051644,8.07462212883168,7.79009401270545
"28",5.96349003649482,6.97970289140853,5.87625523144486,6.47601935427887,6.79908002780648,6.28236450624665,6.02247272657975,7.63627369473313,6.74117439613731,7.77542230427963,6.48289979868812,6.26125644117644,5.85461575568943,7.03751770587124,11.3128972918216,5.66096006917933,7.01725018941742,8.2223561394705,7.21120169501583,5.81743132782361,8.00037483251018,8.26481033962768,7.12247553305273,7.9224613884864,7.72125168172423,6.23774680711404,7.20015786971715,5.88716074883695,6.06570176710782,6.37159675371428,6.8104187398609,7.51132074906776,7.09438538867574,5.90243252324613,7.55794109525703,6.62544744504554,6.34197621368084,7.93165672212705,6.11753217331245,6.84379699854111,6.15769190284731,6.33415909700524,6.16018485898489,6.66388967811599,6.70725269449533,6.94495784527858,7.00506509247474,7.56257720071468,7.39838469013607,6.28471866807379,6.27393552337398,6.94726470602052,7.95962695442826,7.75887566167724
"29",5.82337745517983,6.85710470892917,5.61295395818885,6.21944424606594,6.76023829994538,6.07863442314095,5.8830504022208,7.43554361156311,6.59787884056278,7.54200630337351,6.33764553359909,6.21691220198899,5.79404589353325,6.90191299225764,11.1088839403398,5.4804428377091,6.91642684233439,8.09687124495185,7.0137734581148,5.62806845966482,7.89439953540694,8.16824158983028,7.00762787660873,7.33774921269316,7.84914712819184,6.27491117515489,6.91197218533772,5.73679728297613,6.14720997095846,6.21147427149155,6.6580055017113,7.2734495837403,6.85926576751751,5.86442270045225,7.50362744802444,6.71673960817342,6.15643415686687,7.78459207007321,6.00885266009046,6.90969454856184,6.03494949114861,6.33152622479758,6.15208252486578,6.46781759106565,6.39744781991481,6.9455904296604,6.93963327074817,7.4703218314374,7.3875542283587,6.25917932946299,6.17648936074885,6.71843575415087,7.81835920116558,7.70455434143378
"30",5.70350129520022,6.73027800168653,5.41796897437759,5.96173393859531,6.7339493829652,5.88710423116052,5.74439953476106,7.24550731391398,6.44679496547975,7.28786958588256,6.20478676348708,6.16891691138486,5.71935941365732,6.75798209059991,10.7362155830163,5.3015560750398,6.82210049353092,7.94978723019618,6.78830223544731,5.49364156837145,7.78022159831802,8.02476752016719,6.88191378131638,6.70364783329175,7.94773049041764,6.28478264948957,6.60599109231492,5.59777344806177,6.19963398917431,6.05278466452134,6.48005712309443,7.04266642649749,6.62331610132449,5.85032851829172,7.44124237701674,6.78003531523907,5.98733054202433,7.62697372154086,5.93483230543544,6.98194994834575,5.9288388821724,6.29112661132392,6.14804621340007,6.28710694563837,6.09376041294522,6.92587979925516,6.84016608783212,7.29002168094758,7.3328494923399,6.24222811492713,6.08490699546268,6.47813046007889,7.65372945497506,7.6241790306345
"31",5.6054274022774,6.60308842685037,5.29173985504687,5.71688764861337,6.72285029703537,5.71967657779626,5.61398366025113,7.07297351931304,6.29137096047095,7.02345266026995,6.08342799858206,6.11976561824587,5.63267755728663,6.60738532930612,10.2296041794577,5.12849077029491,6.73522112309887,7.7837421276041,6.54905355254885,5.41282264901653,7.65580593507519,7.83981727531524,6.74907318922152,6.06354959959023,8.008066796304,6.27112845365422,6.29929691221569,5.47338021546491,6.21433035546669,5.90320499944673,6.28247084258007,6.83054777863494,6.39910394926467,5.85680338257869,7.37161573674888,6.80872687329036,5.84044897788843,7.46696245440189,5.90126637548477,7.0551017165943,5.84673946278661,6.2182393304025,6.13996704901064,6.12820699179824,5.80680211512342,6.88723290108057,6.7191614227879,7.03653239987014,7.23524960920079,6.2275189775637,6.00240576701041,6.24094792162044,7.46871705206563,7.51544639011738
"32",5.52957082995739,6.47834046364528,5.23178665554913,5.49960873496295,6.72808425644768,5.58751099104719,5.50007031734136,6.92342379576749,6.13543549392229,6.76125603065359,5.97128964937501,6.07312191940481,5.53731654796224,6.45167688629008,9.63385881479942,4.96467728396066,6.65509488184417,7.6008719673651,6.31215020670164,5.38141004710764,7.51858119306004,7.61952149335702,6.6122918369015,5.46401299211806,8.02181616955163,6.23940851407437,6.01022295282879,5.36589011744451,6.18397190314346,5.77050052619675,6.07330709985165,6.64855921862648,6.19806890746998,5.87881978657192,7.29586567849155,6.79847197848581,5.7204396344747,7.31425118942147,5.91267751351835,7.12371737163344,5.79506583564523,6.12081654493651,6.11985794804532,5.9965999103336,5.54635903048342,6.83366793283807,6.59128149168304,6.73025612733752,7.09899381926587,6.20843672964995,5.93159637808063,6.02181139672535,7.26648906381795,7.37719840798469
"33",5.47519131230596,6.35913041773063,5.23383900552959,5.32174032326813,6.74842849330693,5.49824488157139,5.40867017075672,6.80130637211492,5.9828938708995,6.51234707447403,5.86642729373446,6.0316108718751,5.4365396854173,6.29298247439855,8.99135423552262,4.81305448910994,6.58092348553823,7.40377908988671,6.09095079586239,5.39420619659849,7.36741038695625,7.3711492929804,6.47393519335336,4.94323959141221,7.98436313198772,6.19449154799986,5.75360573469208,5.27607208820825,6.10522112588504,5.66069115232498,5.86049449196105,6.50452961688323,6.02868413619808,5.91076773253833,7.21459609899284,6.74791294140036,5.63033609093801,7.17700395676349,5.97012051470297,7.1825899246589,5.77756363197787,6.006994815993,6.08239207525075,5.89507593639278,5.31989085341089,6.76926695749764,6.46854221221846,6.39229633791409,6.92981637379228,6.17981883963248,5.87392193739855,5.83282156035107,7.05069461745912,7.21065337298003
"34",5.4403920482633,6.24920972192545,5.29213928655524,5.19130822097933,6.78006006591223,5.4552473426381,5.34271512285578,6.7101150302388,5.83764644726017,6.28542208996861,5.7676933243326,5.99622635871111,5.33322226521321,6.13418130948929,8.33866597489132,4.67614203961015,6.51221756394742,7.19579215131438,5.89480878861376,5.44552181898157,7.2031200416565,7.10322561069382,6.3354770185708,4.52797998190404,7.89565686529825,6.1400418009602,5.53951014707157,5.20306119190684,5.97944801275065,5.57755911555554,5.65121352177107,6.40170441277682,5.8959627039913,5.94674967340753,7.12768114416093,6.65886980914588,5.57142560242034,7.06103396540073,6.07059287720447,7.22679064093886,5.79485191333034,5.88442685425244,6.0255844550744,5.82327020586891,5.13212786334129,6.69749189444926,6.35902148040218,6.04315684978072,6.73447258015934,6.13841775886,5.82950733483153,5.68241155963027,6.82554392530743,7.0197364081709
"35",5.42211969251644,6.15298766405103,5.3994449085234,5.11251373110242,6.81655410032976,5.45761354728578,5.30205214248259,6.65238969743038,5.70358801706612,6.08679925355641,5.67474041492417,5.96632663921542,5.2298490627893,5.97890747673798,7.70654508779744,4.55604091274878,6.44879976446348,6.9809680757823,5.72906320664329,5.52917970906611,7.02850416533088,6.82553208185262,6.19749882712633,4.23351051990384,7.76021752013166,6.07851444208374,5.37321987579706,5.14435764448658,5.81273543804124,5.52264528714303,5.45189197083148,6.33873850617155,5.80145388106262,5.98058272734049,7.03426359101019,6.53634181542815,5.54324812594947,6.96979743165052,6.20703037631182,7.25166943597119,5.844419735689,5.76027650246551,5.95079708954174,5.77765927781159,4.98506789879509,6.6211793836234,6.26684947164673,5.70273205623965,6.52073524317947,6.0829043929627,5.79715811042237,5.57534066960395,6.59580887816313,6.81108195276019
"36",5.41616435549935,6.07553138693131,5.54702830966203,5.08573365219904,6.84888379039281,5.50016474832244,5.28344326496696,6.62971644638906,5.58460781258364,5.92041861983859,5.58802152034669,5.93963434893924,5.12851433346311,5.83154993063858,7.11991815076098,4.45443340923372,6.39080475210373,6.76409205541382,5.59503862474352,5.63851473497821,6.84832424942723,6.54910704065908,6.0596898881714,4.06363333360104,7.58713621609906,6.01115556409788,5.25523740326245,5.09582681368984,5.6158791612996,5.49524917187282,5.2682048993794,6.30969625742457,5.74324313929583,6.00579867772985,6.93275484766148,6.38850738054709,5.54359632043934,6.90439357917489,6.36830706443729,7.2528548754838,5.92062614948085,5.64121873545325,5.86273895825645,5.75156113442726,4.87797635737808,6.54254078549135,6.19220864076944,5.39030692571493,6.29739466509849,6.01386810185249,5.77436045438936,5.51269429322171,6.36682304530875,6.59403376208642
"37",5.41718883348359,6.02252331011697,5.72470581382988,5.107547625207,6.86549435834959,5.5735059210628,5.28061099816508,6.64273088049002,5.48457812870998,5.78785862868278,5.50877754207581,5.9122620132248,5.03092411195774,5.69722985294586,6.59789956918426,4.37257693866038,6.33869080150076,6.55066441435882,5.49011259177975,5.76638400368999,6.66927518424415,6.28621081501651,5.92087616513926,4.0107743370299,7.38999712439391,5.93801640129763,5.18133234866674,5.05173675014613,5.40430271254211,5.49243842294451,5.10506646146201,6.30413526831281,5.715986886094,6.01567441398666,6.82085979527426,6.22665770578805,5.56852921912007,6.86358594548162,6.53931105725212,7.22627911969761,6.01474858329589,5.53342001955585,5.76941592383719,5.73520172820066,4.8074201474004,6.46316846436008,6.13139855107539,5.12451146904265,6.07422965312771,5.93380600810873,5.75730879777811,5.49189485844799,6.14446973796947,6.38058951917354
"38",5.41957946274904,5.99902172548293,5.92167763319103,5.17153416779232,6.85445596386459,5.66570367681246,5.28556003984214,6.69121667502454,5.40702319317887,5.68881660738634,5.43867828680362,5.8794547169549,4.93846314899685,5.58114156855533,6.15414982730675,4.31112312164983,6.29357722633475,6.34651823611321,5.40967817716383,5.90546276783039,6.49899310065296,6.04931549983472,5.77986271705995,4.05883630336224,7.18460938288841,5.85836719818832,5.14394859658177,5.00585067407839,5.19557979970612,5.50932580924225,4.96639165262662,6.30954514801645,5.7119235265794,6.00411802767528,6.69629990799536,6.06326378288789,5.6127702181885,6.84442258955597,6.70315058053475,7.16890402200923,6.11639123814402,5.44196659888338,5.68067253707106,5.7176520917175,4.76825598028531,6.38421868783019,6.07872297405939,4.92199533491177,5.8611635822113,5.84681177644839,5.74170894445659,5.50701902044256,5.93483455044422,6.18378854095528
"39",5.41906495435808,6.00710270695029,6.12812605693691,5.26978520896044,6.80755982774753,5.76547866033215,5.29109197658919,6.77429306172001,5.35448915915713,5.62202297388247,5.37913935438517,5.8370031076943,4.85232226484025,5.48729857234246,5.79755709441285,4.2697736136549,6.25788637242418,6.15709186142218,5.35087791092088,6.0488074178544,6.34416769018903,5.84918290016046,5.63703645093521,4.18862712091256,6.98469183878189,5.77148463578478,5.13488149915242,4.95350554003452,5.00472044213722,5.53959617314239,4.85464301117859,6.31598750821738,5.72279711009471,5.96735469863385,6.55818906065796,5.90829868708563,5.67046428984074,6.84341609863078,6.84535119394354,7.08010260402792,6.21616469775486,5.36977675298508,5.6054176760325,5.6905138819695,4.75551069527508,6.3067596112249,6.03008028447759,4.79490609572572,5.66665872041396,5.75798348568069,5.72430610969938,5.54940117029034,5.74354428501243,6.01464422883831
"40",5.41304220338286,6.04538551753699,6.33553710525676,5.39321090666894,6.72114262424304,5.86284805676113,5.29131139607341,6.89045256216894,5.32841730896611,5.58542523071225,5.33118465363477,5.78152777891975,4.77352398065668,5.41828115255687,5.53237440596703,4.24721083551944,6.23547282626283,5.9872824700669,5.31335528232673,6.18996879073072,6.21016228763141,5.69447769499565,5.49468869419676,4.37895229246013,6.80100455313499,5.67681031026404,5.14581669401281,4.89203037208717,4.84322225041765,5.57561248686894,4.77073938656552,6.31702981579424,5.74024448631677,5.90426599906068,6.40731042599846,5.76849739605087,5.73533038015558,6.85678107820073,6.95470053086011,6.96193709340972,6.30622523115192,5.31738187612098,5.55106617385884,5.648661138785,4.76475969653237,6.23184131348233,5.98368606889391,4.75038172345804,5.49739306832903,5.67330445608779,5.70319245563117,5.60775489811579,5.57563390292356,5.88152668888903
"41",5.4005771699242,6.10903132601358,6.53670139912028,5.53154047208313,6.59608871026499,5.94912732901654,5.28162725561333,7.03756108986368,5.32914371121281,5.5761884625617,5.29544603055574,5.71048003901887,4.70292258783332,5.37523570837208,5.35822003456452,4.24109778616733,6.23162376441182,5.8414456849359,5.29925677203107,6.3229924763389,6.10101284367015,5.59176639125591,5.35701606697265,4.60661788947006,6.64134645237586,5.57395116150666,5.16833156130066,4.82074739505153,4.71906786093764,5.60841613927986,4.71405569267825,6.30974791804802,5.75579635216311,5.81639081102428,6.24611722341254,5.64735478836438,5.80066182119273,6.88043479421779,7.02325058264534,6.81915967569779,6.38027625097751,5.28292588527971,5.52353730885923,5.59024229061364,4.79212797646976,6.16049598653933,5.94007507968172,4.79054921725911,5.35825948522169,5.59964292717072,5.67780792283154,5.66817332153043,5.43554616462,5.7901610623803
"42",5.38240487911137,6.1897432069032,6.72571416027746,5.67332216957593,6.43783012539657,6.01693021779324,5.25875288217873,7.21285795019632,5.35589922078952,5.59069533626164,5.27216326834037,5.62214191129004,4.64120414797576,5.35787474988546,5.27007748993132,4.24807804260222,6.25305895349956,5.72339557202491,5.31323185205729,6.44241881746958,6.01942792490635,5.54551732377058,5.23012048208711,4.84643055209319,6.51055532830022,5.46267947309645,5.19389522365728,4.74097203448521,4.63672493589527,5.62772693586703,4.68242290785075,6.29472604270198,5.7608772517919,5.70792532646342,6.07873271895502,5.54512564351797,5.85932633099265,6.90999717309112,7.04631769863938,6.6592124943225,6.43356831349267,5.26216522017831,5.52725480451456,5.51668015452613,4.83429011574968,6.09373793533115,5.90210123502369,4.91252460345616,5.25236568902892,5.54475205764928,5.64894023033488,5.71412908563284,5.32713162973696,5.7436275257914
"43",5.36095569214906,6.27585210906506,6.8979859047507,5.80601395398853,6.25622624178093,6.06024344341118,5.22073109365549,7.41295208737292,5.40682257012458,5.62461235425903,5.26115253496996,5.51565951714048,4.588879365685,5.36446662573723,5.25843087711773,4.26383570111314,6.30782839263528,5.63640551356703,5.36238855151958,6.54330475189074,5.96682210141825,5.55808641047769,5.12197163243439,5.07145156023326,6.41053273081799,5.34296658533453,5.21396380729125,4.65603957397304,4.59714050014455,5.62209484095857,4.67218628487356,6.27601805733151,5.746913346913,5.58571112208428,5.91093508861143,5.45891340738515,5.90381822482704,6.94083434106097,7.02251337743115,6.4921997026278,6.46294837411862,5.24856501801188,5.56516157807876,5.4326108767329,4.88849682241648,6.03260943019209,5.87488449770748,5.10845360437438,5.18103856906513,5.51715318543394,5.61869386433104,5.72671604650626,5.25363357694191,5.74235912763117
"44",5.34085550729437,6.35395369832631,7.05044604702127,5.91770920492233,6.0632722969126,6.07584902968554,5.16741250796015,7.63375062562307,5.47920962671179,5.674151321329,5.26120562522224,5.39167869248512,4.54614788616269,5.39163993687707,5.31184211777224,4.28423665838564,6.40336342400183,5.58322483243666,5.4554474274556,6.62163968549695,5.94395164633116,5.62944593120279,5.0416927502222,5.25783434904467,6.34071792608226,5.21562479133555,5.22179421352401,4.5718127100767,4.59763311472696,5.58178915067116,4.67931367019058,6.26040984854084,5.70738436451749,5.45900810528824,5.7498692148412,5.38436028761038,5.92725251789126,6.96888761428425,6.95433053291754,6.33035533419198,6.46779761340473,5.23513028158387,5.63900055408559,5.3447213594805,4.95308023721866,5.97905373698661,5.86479944689617,5.36628597306788,5.14390629997442,5.52391309639255,5.58989962273264,5.68925092727572,5.21740087753151,5.78410060152578
"45",5.32966088619589,6.41131396280274,7.18184212935362,5.99967297274859,5.86973171149168,6.0654146391873,5.10115849574239,7.87035384893575,5.569879717416,5.73792327419238,5.26920704951423,5.25327912897789,4.51269885856672,5.43409609092139,5.42073859416253,4.30700590891575,6.54361252426656,5.56610322440365,5.60149818795886,6.67495668524944,5.95184879928184,5.75678592415276,4.99851091451529,5.39193402135031,6.29878445471369,5.08325070729173,5.21510974980076,4.49742748652738,4.63173440841483,5.50304460044011,4.70102435844197,6.25633526871288,5.64083926636206,5.33916082144387,5.60362312492661,5.31813112248036,5.924825920198,6.99189183401322,6.84900510721844,6.18726125209064,6.45140972416187,5.21709707741564,5.74972736527214,5.26004067160813,5.02819656160997,5.93719817626759,5.87798882055317,5.67091350360466,5.13901902148158,5.56737736085176,5.56524684529791,5.59403619688259,5.21946601668545,5.86384783538209
"46",5.33784569364391,6.43635030021043,7.29271379831338,6.04671253417319,5.68464034724362,6.0357116266507,5.02687177489093,8.1170200261311,5.67527688513701,5.81716108127776,5.28005170107414,5.10610871906897,4.48767246192112,5.48462276602008,5.57792128091604,4.3319605620409,6.72859577798084,5.58677324813725,5.80966438527178,6.70243575485652,5.9919409702663,5.93450792115774,5.00153334846912,5.47121388388321,6.28079578379261,4.9503513778724,5.19643229184228,4.44531139512088,4.68929120790789,5.38864985152799,4.7360063363695,6.273594027252,5.55125619220988,5.23947085319675,5.4811114936411,5.25831593426759,5.89402864720985,7.00951573220526,6.71854556367305,6.07761661800074,6.42110357402736,5.19234343533156,5.89758291302789,5.18563727312716,5.11590284940785,5.91347527526435,5.92008732699005,6.00442352820023,5.16290511527342,5.64473766716435,5.54714903369936,5.44329393186026,5.25949084490387,5.97391749524939
"47",5.3768763517889,6.42057912647231,7.38428589883764,6.05708351420761,5.51537285838767,5.99716512490629,4.95083735989031,8.36685770050424,5.79220637472752,5.9148924246857,5.28741074955868,4.95831540654183,4.46952060038625,5.53497598476221,5.7777134253454,4.36075853446176,6.95408579959765,5.6461182045728,6.0867352802817,6.7051008422644,6.06574439709082,6.15505633009974,5.0586810708616,5.50190521617054,6.28202615235048,4.82312513175401,5.17208332979444,4.42972775534127,4.75843992769847,5.24728930173426,4.78403014049884,6.32144778448198,5.44666348846162,5.17397028175448,5.39123320357748,5.20496099948848,5.83456447102205,7.02272544448286,6.57818642361979,6.01543993100139,6.38677831300846,5.16156792527394,6.08227077856875,5.12784723076086,5.21963128395373,5.91553340372107,5.99534944648903,6.34742739498127,5.21117395345344,5.74885361282539,5.5376566292775,5.24806352933743,5.33589853669132,6.1051821977072
"48",5.45672391222652,6.36113304939355,7.4570376987887,6.03236829582707,5.36772878312646,5.96197973515941,4.87922434669591,8.61142796485043,5.91878655219647,6.03487064622181,5.28472169324782,4.82045900801734,4.45582686246145,5.57702027878537,6.01485979373284,4.39657355598403,7.2111955838507,5.74374284749325,6.43410499789242,6.68607442483943,6.17446808715336,6.40999308839084,5.17531067512508,5.49598168056426,6.29802149852284,4.70917823157635,5.15089249723189,4.46489415981149,4.8281586099571,5.09269192033045,4.84544958499517,6.40615933752238,5.33735700625846,5.15583634010202,5.34178247955483,5.16075504906429,5.74824723913736,7.03296169149912,6.44438928042724,6.01174512456048,6.35904562386231,5.1285202170805,6.30318649796532,5.09127680386058,5.34350957558259,5.95082857648079,6.10552220421217,6.6807774991352,5.27929497749453,5.86931523990627,5.53834435725821,5.02677627232439,5.4460441966456,6.24866705461632
"49",5.58538982870257,6.26103609950716,7.5104841314897,5.97741892202129,5.24597556443676,5.94376187850549,4.8178313805943,8.84071088126821,6.05453461021867,6.18133904746414,5.2653684993232,4.70537872641583,4.44332053329631,5.60294463525667,6.28431929196393,4.44397176381752,7.48641594365565,5.87788396786507,6.84731811727514,6.65059493301771,6.31888285589662,6.6901372959568,5.35398215038837,5.47053455042705,6.3247241347293,4.61742331573873,5.14388305806592,4.56456746620494,4.88869273073568,4.94330826188575,4.92109226293739,6.5306280306759,5.2354854703148,5.19705324386935,5.33924443673489,5.13101405074067,5.63894464975456,7.04199682287295,6.33443559080741,6.07411574285585,6.34884217861632,5.09993394646693,6.55938487602716,5.07871729334597,5.49220580203569,6.02632185831637,6.24973660424936,6.98592142960354,5.36275294494768,5.99277289856208,5.55033192099267,4.80471233830528,5.58624342601997,6.39582502148888
"50",5.76682271405615,6.12863245727937,7.54268445420026,5.89981105750555,5.15326912519214,5.95568342004158,4.77123869204907,9.04332549120187,6.19990985033664,6.3577177979511,5.22339832022188,4.62660441963682,4.42835875699992,5.60619910689959,6.58037517118754,4.50783473362323,7.76278948152052,6.04495155905972,7.31519633781462,6.60582260639385,6.49826329321262,6.98561111845893,5.59370459575687,5.44460988018987,6.35834553765873,4.55721945653154,5.1622954908318,4.73973018860964,4.9328979817751,4.81949268710733,5.01165380040565,6.69369731881947,5.15257782442216,5.30661347919177,5.38792390313437,5.12234361947576,5.51201360881107,7.0514276391092,6.26441000628343,6.20498348482116,6.36545279837907,5.0842650823068,6.84877160481234,5.09168448969404,5.67002384217386,6.14685265383052,6.42495578333321,7.24669147399436,5.45778861999024,6.10549445766078,5.57474188715872,4.60925452181713,5.75186341213854,6.53949435084715
"51",5.99854989469959,5.97693691468513,7.54968365533874,5.80922318670269,5.09213202869354,6.00839388175838,4.74184405220299,9.20677995722936,6.35579441258119,6.56511106818107,5.15433632831781,4.59655033496372,4.4074747218447,5.58255964646811,6.89562341853333,4.59213505315107,8.02124531339492,6.23900716406559,7.81884561860403,6.56061876229694,6.70918486640407,7.28589195676637,5.8890786789749,5.43561266084049,6.39522170134828,4.53739447639087,5.21534047659763,4.99596013306801,4.95776686654451,4.74029977645804,5.11700917810107,6.88936756297356,5.09673204214528,5.48847283131961,5.48895497608254,5.14111826724056,5.373658275546,7.0620987831008,6.24690760920971,6.39967108025174,6.4142629688477,5.09025754172542,7.16718419105575,5.13103200208275,5.87987496466009,6.31328928621913,6.62648454760573,7.45133911972284,5.56224086868248,6.19627264074565,5.6132202685406,4.46449210180059,5.9374264871421,6.67498711591184
"52",6.27148173671694,5.82328976987985,7.52550933183724,5.71723320003821,5.06448748385447,6.10967786298605,4.72976441992012,9.31763677133755,6.5233119369561,6.80205803116009,5.05532680341516,4.62614012872478,4.37748715964521,5.53028217654522,7.22084017919897,4.69975296170444,8.24094032036716,6.45175588282068,8.33180461992128,6.52536308523285,6.9454222642793,7.57979993308558,6.23024733214276,5.45873580684166,6.43181863746893,4.56603716042626,5.30983515701949,5.33307742718693,4.96450020009979,4.72293121842925,5.23614563700274,7.10678428335467,5.07231692386348,5.74126938242458,5.64018492467047,5.19318941123375,5.23083908370603,7.07405007465134,6.29066233151377,6.64630458340667,6.49650524122187,5.12664090125729,7.50820336537582,5.19701491743343,6.12306108232489,6.52230328020913,6.84802827789882,7.59271124580534,5.67561956551292,6.25685023795505,5.66797316785073,4.39040947536017,6.13660387362582,6.80009015041015
"53",6.57056198227892,5.68632931341119,7.46279836244239,5.63581548217868,5.0714675610215,6.26315729164902,4.73289488138241,9.36303403545723,6.70244732918531,7.06356049467376,4.92572084358332,4.72281956456866,4.33605613254686,5.45053726327881,7.54472050832349,4.83190833468831,8.40143344406604,6.67307576156102,8.82285248162622,6.51020501787574,7.19825465545472,7.85529850254992,6.60336819400557,5.52493422971657,6.46496404941271,4.6493685566478,5.44886102149989,5.74437454241048,4.95748707831065,4.78044261119923,5.36723960250022,7.33104049771192,5.0800185436334,6.05765244695329,5.83606917868208,5.28247307566179,5.09103164495931,7.08661953189613,6.39917275085983,6.92716460594837,6.60912924983842,5.20050262882607,7.86216618721656,5.28926425406273,6.39810754214,6.76607502550984,7.08173791687803,7.66778066329763,5.79891105443183,6.2831569805811,5.74155381729818,4.40034675507155,6.34202433825883,6.91378725928444
"54",6.87541809243339,5.582964312707,7.35342358331817,5.57583799961393,5.11322140778306,6.46699367865395,4.74696759203373,9.33220674276862,6.89066652700267,7.34011053639534,4.76766407515364,4.88856921381295,4.28223881910071,5.34784478819083,7.85361712528257,4.98759266994918,8.48485998230338,6.89154718344281,9.25881660733534,6.52331515052938,7.45677094935634,8.09929506575049,6.99108605513628,5.63889891609603,6.49207900700456,4.7906132766841,5.63042179752067,6.21584632150476,4.94328484391741,4.91945026785416,5.50773360959103,7.54397906305147,5.11688670137325,6.42361151124298,6.06756631965588,5.40953759557436,4.96198565257743,7.09854639323996,6.56932789021552,7.22003755563475,6.7446717339012,5.31566031693314,8.21517915223691,5.40676141468382,6.69959591659886,7.03199944444045,7.31825495577713,7.67717665177101,5.93438360799638,6.27654641107338,5.83664961678029,4.49846037430122,6.54508284552074,7.01498142711296
"55",7.16083489657084,5.52784799367381,7.18873235917082,5.54679001111991,5.1889481028055,6.7138744574618,4.76569984495593,9.21673291016752,7.08279214972813,7.61773921863564,4.58614976236496,5.11974703450691,4.21652414388143,5.23002585555223,8.13166215693854,5.16357386339415,8.47629816221386,7.094578534775,9.60532766002479,6.57054189335734,7.70805147049689,8.2977272421584,7.37278736973811,5.79895428609803,6.51124906550882,4.98984322575945,5.84741298568485,6.72638416932814,4.93035786105713,5.13995208181712,5.65438109668376,7.72453665331814,5.17659535263867,6.81864268877766,6.32224570065333,5.57152746311383,4.85166205371721,7.10797273940136,6.79139291317579,7.4987317895972,6.89143283994823,5.4724863028564,8.54918648319043,5.54783356211407,7.0180950171605,7.30289867999285,7.54672745584681,7.62494531234993,6.08546213127018,6.24374300296234,5.95597430296711,4.67975281769522,6.73594667845661,7.10225565584285
"56",7.40060782357178,5.53104682984507,6.96123464815958,5.55552103236449,5.29736411402473,6.99198265553502,4.7821206290008,9.01153594860834,7.27101395909967,7.87929110610511,4.38901584641686,5.40730442318484,4.14068501291743,5.10738843168721,8.36211956362055,5.35492059699767,8.36533923886778,7.26912697480775,9.83146490846947,6.65369773214649,7.93859874923669,8.43653331412332,7.7265668282464,5.99781608265962,6.52168957569585,5.24347879796217,6.08847281454994,7.25023180965798,4.92751127226189,5.43560023468228,5.80359778034895,7.85126318331829,5.25182417430566,7.21786307702645,6.5853765608073,5.76264889373549,4.76785277252369,7.11237151305592,7.05003741447737,7.73673365120533,7.03522477524453,5.66765296319307,8.84343889377611,5.71013222258589,7.34050597331642,7.55924785719369,7.75492095965795,7.51671865129978,6.25572786992108,6.19530540601125,6.10144557118675,4.93249487968631,6.90377402997443,7.17272962633927
"57",7.57093211793909,5.59599009754755,6.66608778614707,5.60513167102613,5.43711444949072,7.28584982186718,4.78973744451815,8.71576631099121,7.44489808476094,8.10554533588844,4.1869423176363,5.73697628278931,4.05764833645643,4.99201102832347,8.5285747160001,5.55546358141165,8.14746849725246,7.40233241276087,9.91384214206794,6.76905189209721,8.13559600438728,8.50250582562178,8.03095712057397,6.22325802477348,6.5241549565497,5.54385015148795,6.33873074389728,7.75914533422767,4.9425133750716,5.7939410931169,5.95177071202041,7.90453784689523,5.33635332057218,7.59387053133827,6.84088600129523,5.97459693841223,4.71784621987306,7.10848321016736,7.32523992094256,7.91042323529759,7.16090989548509,5.8939087025615,9.07578551896003,5.89061446045672,7.65036578744457,7.78113281865047,7.92931606408384,7.358104162374,6.44803857175416,6.14427471900527,6.27346173030951,5.24035623796332,7.03690628927516,7.22105407295452
"58",7.65102564584616,5.7193878240326,6.30136952339049,5.69488140370079,5.60672652287182,7.57672572174083,4.78278976669545,8.33284385674277,7.59158710929638,8.2756869197874,3.99325984476778,6.08958962964193,3.97141566079381,4.89742259332155,8.61526013631697,5.7579016484384,7.82414221162308,7.48166662206432,9.83712861146819,6.90733806383527,8.287064966395,8.48359384017826,8.26532713146849,6.4584841419533,6.52098424328362,5.87922040782427,6.58012723958972,8.22295400840158,4.98191577389097,6.19669678409874,6.0952768991277,7.86705051894259,5.42531788671447,7.91735241872918,7.07165809381742,6.19678856223402,4.70830734214337,7.09233392453322,7.59277606449484,7.99963918417036,7.2527745096403,6.1402153574099,9.22322401070217,6.08549676583837,7.92815550979109,7.94865480984524,8.05527185048324,7.15451560022491,6.66433398756606,6.10566610478785,6.47077139624117,5.58286972897826,7.12305316775811,7.23946656742788
"59",7.62600249486507,5.89181909596303,5.86933843080533,5.82012915965134,5.80399809448752,7.84498270496194,4.7575466109048,7.87026081598969,7.69737406753026,8.37035160484081,3.82244059321518,6.44338529676302,3.8865149541925,4.83650723976955,8.60890993662522,5.95436124312277,7.4025626923417,7.49572823661087,9.59569846867016,7.0547240582973,8.38235315733901,8.370774527953,8.41198272535826,6.68466627259162,6.51621394327189,6.23423327141147,6.79348700152595,8.61268538682235,5.05046404635615,6.62184345942512,6.23044400105166,7.72626627133214,5.51595398513066,8.16077027118101,7.26131768321155,6.4179451964332,4.74453231223049,7.05941596363835,7.82752718087275,7.99019889079021,7.29655266231355,6.39296796303668,9.26546442949769,6.28990237132987,8.15355011854279,8.04394507068231,8.11825725600323,6.91080783262806,6.9046307979796,6.09327022927489,6.68988084578584,5.93781217997496,7.15063825026762,7.21883811963261
"60",7.48909606233481,6.09818743733703,5.37740893576666,5.97228745940924,6.02552365843174,8.07197598330415,4.71331038885946,7.33942925694782,7.74892030090162,8.37398168410174,3.68893048486322,6.77581433447958,3.80757648559539,4.81988311133975,8.5001946247184,6.13682928721887,6.89550408036194,7.43485791632242,9.1949066662891,7.19356228016975,8.41251089804993,8.15950117348107,8.45779208517008,6.88290737530234,6.51566525337896,6.59025951334244,6.96012311662961,8.90298326288117,5.15064177376441,7.04521937462849,6.3535198880431,7.47633204508568,5.60817581838471,8.30121062347159,7.39561051399255,6.62731712901319,4.8298718442602,7.00482764353864,8.00604024491004,7.87584817727825,7.28099190332451,6.63693857145561,9.1876866035789,6.49758836914816,8.30715937869406,8.05272352484685,8.10480389699,6.63099438140408,7.16624502958263,6.11717853411291,6.92459554147747,6.28304646456533,7.1098400909151,7.14948306217714
"61",7.24162273611692,6.31820164796914,4.83804496151554,6.13902905205517,6.26648779876927,8.24040386332043,4.65245422867588,6.75548499930625,7.73356911450067,8.27524224329101,3.60677508395275,7.06404666973168,3.73932160241288,4.8555725328516,8.28402528738949,6.29719820241432,6.32096813373672,7.29139754547648,8.65077510909974,7.30301635071463,8.37035444120256,7.8498791571121,8.39439422437604,7.03468109264793,6.52676366564547,6.92577350116663,7.0623077133566,9.07262403038082,5.28258659966637,7.44105364742371,6.46060517604818,7.11816613765441,5.70434955883488,8.32092600159682,7.46264151284559,6.8148387421418,4.9655520902174,6.9234009631876,8.10711823691678,7.65820277984684,7.19806633963521,6.85560701522743,8.98097560794228,6.70087469942904,8.37108176769618,7.9645710852878,8.00289221609923,6.31830788071936,7.44373735056202,6.18334912379202,7.16604861282606,6.59685509449623,6.99285862161577,7.02155599865671
"62",6.89178423893213,6.52941943672632,4.26762551180455,6.30569845033458,6.51947630377987,8.33593673356298,4.58024301384516,6.13603219613497,7.64093643769569,8.06881501800092,3.58760022398871,7.28762725314569,3.6866689559915,4.94747516241292,7.96098743235132,6.42738361525023,5.69994034215505,7.06117243491588,7.98733165741652,7.36296021599925,8.25072960637964,7.4472305910303,8.21890672382679,7.12395092880761,6.5572864716265,7.21874090783982,7.08575452926214,9.10695826078999,5.44372028380356,7.78483852087193,6.54721184214819,6.65924360373135,5.80752285363076,8.20975680702597,7.45388817428977,6.97164928204046,5.14971544811154,6.81050166911228,8.11469933570627,7.34551839376035,7.04374048878266,7.03298427329234,8.64407302797069,6.89028280916816,8.33188933936006,7.77409566510522,7.80414404021687,5.97572840158563,7.72887793330702,6.29174354274153,7.40308924492509,6.85939756869129,6.7952633291532,6.82737839269699
"63",6.45385198381902,6.70931907677702,3.6856720396173,6.45627289420304,6.77366742203727,8.34832547707959,4.50471117760865,5.5002886630658,7.46399340849743,7.75661866693546,3.63923778035065,7.43028359944462,3.65480671343412,5.09432924656466,7.5383162913771,6.51940460484444,5.05486250356498,6.74449988172926,7.23479846054258,7.35663166717821,8.05069130348449,6.96247804322366,7.93440698371684,7.13861228312556,6.61451001603758,7.4482440212346,7.02130821424227,8.99957193323233,5.62849709450993,8.05528406421805,6.6079629717613,6.11344958067641,5.92021977351082,7.96677889524797,7.36489004221724,7.09044710388932,5.37676792847086,6.66257375085911,8.01981586581247,6.95185294940102,6.81848875302664,7.15485343732362,8.18456801724884,7.05429016191931,8.18265874723836,7.48172544893986,7.50531462680529,5.60634306285491,8.01062285176032,6.4350594647204,7.62254730390108,7.05370223735429,6.51691050555301,6.5630218072677
"64",5.94757682930113,6.83592150358566,3.11424744140803,6.57380123371798,7.01494630306638,8.27146196688754,4.43632769697014,4.86870256543861,7.19931445746081,7.34763252081584,3.76551146628478,7.48018825677329,3.64914577034742,5.2897823935488,7.02970362185846,6.56550709834507,4.40908495946524,6.34626245767516,6.42870565976467,7.2711154998306,7.76961753847845,6.41180961838715,7.5497217435736,7.07063193822372,6.70477815824952,7.59505315557361,6.86510346015537,8.752306539575,5.82847683299758,8.23467052157831,6.63663575682125,5.50057718214905,6.04410903196523,7.60013297389568,7.19524338917439,7.16543144361696,5.63736603778047,6.47724996849922,7.82059302161336,6.49639825407893,6.52711625970388,7.20905834786561,7.61854327852702,7.179601455068,7.92310557411648,7.09366320514323,7.10849724428863,5.21345841901566,8.27534364074493,6.59902599800769,7.80951493434968,7.16590113329259,6.16192513291825,6.22851301955617
"65",5.39502884781332,6.89075360437566,2.57472065961912,6.64264627103128,7.22681089298143,8.10339223187682,4.38609912357903,4.26099865877776,6.84818127158652,6.85650906958863,3.96541688974953,7.43092600598282,3.67502774810614,5.52311511108304,6.4538866323934,6.55885191335597,3.78416742297729,5.87602530631486,5.60532402079989,7.09932827007471,7.40981314676763,5.81462908809524,7.07806604032194,6.91641610141836,6.83126951775647,7.64443265830949,6.61897146026095,8.37487145344877,6.03282269948661,8.31028977339426,6.62650076785658,4.84347326105113,6.17845396361276,7.1255401406965,6.94836144240589,7.19185885044175,5.91853893952658,6.25382484307817,7.52164753140319,5.99987549893497,6.17756704557778,7.1867936475153,6.96817013726369,7.25278881900752,7.55974400525201,6.62138199846539,6.62185183332366,4.80114024889569,8.50815972136142,6.76449277149749,7.94889201260663,7.18628493455332,5.7383181843331,5.82853811736985
"66",4.81870547239336,6.86062142528127,2.08582997553037,6.64982689447377,7.39091578867996,7.84632391532075,4.36443369113053,3.69500856633574,6.41724270256685,6.30274206320736,4.23263161120344,7.28207173649079,3.73754944287141,5.77967485709186,5.83380155504987,6.49392696411561,3.19826375950676,5.34810493176723,4.79893079912277,6.84120457356839,6.97687069386128,5.19232809724863,6.53622788791435,6.67703007675422,6.99266156214345,7.58781970097967,6.2906817086263,7.8846100220697,6.22860029479754,8.27530739952359,6.57052585556309,4.16632934229871,6.31918555798498,6.5654114729224,6.63133032865219,7.16577800074391,6.20376281113582,5.99353740244985,7.1337263033606,5.48237785654212,5.78021020397815,7.08337645623424,6.26026758397042,7.26127428652,7.10598049700399,6.08132188293312,6.06003938674436,4.37453636530185,8.69373661201782,6.90868217958005,8.02631189070943,7.10993401515456,5.25775676217934,5.37286260377453
"67",4.24096106618272,6.73786844791409,1.66315217848686,6.585337682625,7.48780722439746,7.50647215632293,4.38069401568284,3.1862751248722,5.91835421259778,5.70994523135656,4.55570431318346,7.03894637495771,3.84123448816333,6.04134289557783,5.19570149842998,6.36678749667905,2.66586533005686,4.78106137422142,4.04101933487768,6.50335890620125,6.47958691218429,4.56767522037399,5.94412256187542,6.35802294926692,7.18299119493173,7.42295800030442,5.89345138861785,7.30574350380929,6.40122142296562,8.12870520229887,6.461732652443,3.4940201039776,6.45897205425107,5.94793423469475,6.25467497639946,7.08408010865878,6.47343627227993,5.69950604188601,6.67309199962886,4.9628697640338,5.34748433892966,6.89825470418395,5.52540105849067,7.19383818800866,6.58143301524978,5.4942742624198,5.44367721528158,3.93985143165761,8.81673453135082,7.006167875726,8.02863033665803,6.93672536891184,4.73521351718726,4.8759413583442
"68",3.6815747566077,6.52128182785489,1.3168767217247,6.44345159173081,7.50045970253041,7.09329215213403,4.44121598703824,2.74633511071956,5.36763966686285,5.10244503551389,4.9190990490658,6.71128111160312,3.98843911281195,6.28876188090427,4.56495290622806,6.17616218883034,2.19686919499653,4.19516007858904,3.35695295273085,6.09715302458795,5.92947068497923,3.9620412168901,5.32275117068208,5.96850967129492,7.39124616034007,7.15420519576543,5.44345597389164,6.66566377444801,6.53658584626914,7.87481221138659,6.29492473864309,2.84917968984253,6.5877619587056,5.30272043642653,5.83122647299642,6.94480583870931,6.70722708195145,5.37634468529377,6.15854667787305,4.45715766841676,4.89228262601506,6.63488438810869,4.79371062021104,7.04293649449413,6.0085282467247,4.88238715420006,4.79653963395861,3.50415315165241,8.86386781484873,7.03347075717727,7.94615826778905,6.67123277790644,4.18727342614593,4.35489107845374
"69",3.15647181699754,6.21656649588875,1.05063711906771,6.22340357490426,7.41613688591731,6.61907424880191,4.54826720116866,2.3818170112622,4.7849943225119,4.5034868742746,5.30374666377665,6.31251278652192,4.17851304568424,6.50250896388627,3.96382407780229,5.9240346289742,1.79608993691942,3.61103495548448,2.76420672065354,5.63767743820562,5.34048309729048,3.39393917047489,4.69312564753968,5.52068687105089,7.60115386524866,6.79269123950121,4.95851822125475,5.99298081077084,6.62220867338779,7.52305640742583,6.06759694084877,2.25066412869789,6.69307228788571,4.6585162335032,5.37552464872775,6.74730712049166,6.88530891414979,5.02996007394618,5.60986490268605,3.97682443936336,4.42710349753891,6.30066313806092,4.09271569665785,6.80591855396597,5.41070945215182,4.26758841538822,4.14408225452566,3.07526923026178,8.82498824524588,6.97147774754125,7.77383573445744,6.32267249281932,3.63124212418556,3.82842131529375
"70",2.67762066589835,5.83589438193466,0.861743480232769,5.92918862946239,7.2268880436218,6.09860385296176,4.69994717754076,2.09448699407527,4.19324690398102,3.93454995701547,5.68760510568608,5.85922497002775,4.40752458729956,6.66362013355409,3.41096378360683,5.61568785245605,1.46357438269102,3.04902967744471,2.27240361251137,5.14314301006928,4.72874443552941,2.87866558367773,4.07580157098315,5.02944946683326,7.79192875258957,6.35565599712262,4.457517490147,5.31661728599448,6.64761525348218,7.08758205372973,5.78017338822941,1.71330866783453,6.76059633646238,4.04238539847917,4.90335413186057,6.49235866560522,6.98911234136877,4.66734089455146,5.04720751910548,3.529399922511,3.96391428992337,5.90652309828632,3.44670156617077,6.4850159036981,4.81160462037725,3.67095160999556,3.51246385846554,2.66153647752903,8.69331373208524,6.80618885101082,7.51137062153911,5.90451152299838,3.08475344125122,3.31610478493972
"71",2.25277916892686,5.39589861634153,0.742353538032469,5.56859365733173,6.93140549115955,5.5477606634131,4.88991250807339,1.88157942866224,3.61463446856673,3.41266967777673,6.04798432839515,5.36885164069884,4.66720372603849,6.75566892697748,2.91948844846228,5.25980981552867,1.19602519609329,2.52656612332589,1.88372920506257,4.63241845430091,4.11131425074067,2.42697443853813,3.48903046568772,4.51081565422153,7.94151304477412,5.86358121314125,3.95804648650033,4.66220837742388,6.60587071904161,6.58564295967924,5.43689569059439,1.24711248636621,6.77677120551148,3.47654068756904,4.42984007952861,6.18261300317319,7.00436746182458,4.29568209818907,4.48883527502569,3.11925058734413,3.51369097999434,5.4651923591178,2.87440848376724,6.08711456957687,4.23171851353503,3.11020535586188,2.92456355427386,2.27073853871173,8.46625054784698,6.53156852137052,7.16366110036831,5.43279345578816,2.56421552089072,2.8354014327649
"72",1.88538049082422,4.91674069927467,0.680019798480089,5.15274747333038,6.53587734770651,4.98286893857773,5.10725421237709,1.73595329954857,3.06917179577147,2.94920348430543,6.36262389811686,4.85861498095529,4.944458581034,6.76572811766065,2.49610352212243,4.86853746070414,0.987460777775383,2.05693009370107,1.59312918090645,4.12389064525208,3.50562524540278,2.04446718270676,2.94790575455151,3.98119706226342,8.028079177807,5.33886084378438,3.47532926522202,4.05043985199512,6.49428418370564,6.03685703373979,5.04622924499884,0.856865295375462,6.7299662761785,2.97688252634283,3.96856709065726,5.82280955161561,6.92250850577123,3.92197934442334,3.95005355298151,2.74799287470495,3.08620562469659,4.99039053803542,2.38796657665882,5.62364569703953,3.68690712491658,2.59858515926642,2.39814242769254,1.90961475337176,8.1457711426051,6.15085683443077,6.74098553289598,4.92536208609239,2.08409208747596,2.40028367438126
"73",1.57491383409036,4.42107870193996,0.658630755554255,4.69565714434124,6.05346778475593,4.42020580481926,5.33704615259655,1.64662160457654,2.5740117316144,2.54993771870852,6.61040581975983,4.34510845696488,5.22189247408487,6.6847663467086,2.14157896945664,4.45684677926505,0.829659114428556,1.64919148652232,1.38914076412427,3.63493538822797,2.92902074290982,1.73179454172761,2.46411227344561,3.45694049310311,8.03106712139507,4.80487986299786,3.02205111891172,3.49684967652025,6.31424436886869,5.46261856833937,4.62042038522411,0.542495478035012,6.61105830672917,2.55300882196228,3.53120234992939,5.41966905169805,6.74085136725051,3.55280420879732,3.44310840478655,2.41489779409708,2.68998845776598,4.4964846980989,1.99298654510743,5.11000587562775,3.18839119280809,2.14490466372944,1.9456511131536,1.58369803346633,7.73822711156531,5.67605117736118,6.25834554005311,4.40129794716756,1.65662598636528,2.0209375041837
"74",1.3183541709973,3.93031782013373,0.661861763471166,4.2125261981692,5.50229508228016,3.87423517029384,5.56240020771918,1.60070758560746,2.1412267409971,2.21560990069467,6.77390124171758,3.84285079914014,5.47977870545226,6.50902869134418,1.85260894937799,4.04027638264832,0.713744629618247,1.30802926252047,1.25696988801159,3.18006085798796,2.39708880299322,1.48546970387053,2.04507924780328,2.95269443510163,7.93489701941172,4.28271678485069,2.60783390390622,3.01125641919245,6.07053639047078,4.88398411138129,4.17380585837106,0.300404506474423,6.41545393589082,2.20839870266045,3.12618060228267,4.9814792757737,6.46311342453233,3.19350768987342,2.97690557593225,2.11835639676655,2.33220811141861,3.99728868356764,1.68900480062546,4.5634088896621,2.74296019755219,1.75393669639182,1.57369817174778,1.2967604360527,7.25361445243318,5.12584349791995,5.73299983255504,3.87889761182946,1.29088177682892,1.70278760904278
"75",1.11074458449946,3.46308795173189,0.674576770952075,3.7190695391254,4.90460221284159,3.35689257518293,5.76530681420896,1.58424271342494,1.7769154207302,1.94212877760635,6.84040343443528,3.36370170342904,5.69687220589017,6.24059220878183,1.62257183490209,3.63400009551334,0.630832214022813,1.03366620621854,1.17974463256781,2.77015684855718,1.92298431594206,1.29820438693758,1.69364216934606,2.48074732961382,7.73047161019187,3.7898073226682,2.23902611247996,2.5975343928383,5.77106024881997,4.32081140305475,3.72211976400187,0.124012800231264,6.14390452496079,1.9404947595361,2.75817599140866,4.51792494875908,6.09961402969945,2.84789970759142,2.55689984992463,1.85647256400617,2.01862015343582,3.50557676170634,1.46967165324906,4.0020105853183,2.35306197485089,1.42657245994387,1.28284358926679,1.05059060601602,6.70527136124634,4.52476897445572,5.18345967982231,3.37485309051471,0.992358428480851,1.44610887822895
"76",0.945600807803037,3.03461258980574,0.683458386099823,3.23103055185876,4.28565495609001,2.8774641919691,5.92752844300007,1.58282836913256,1.4814878591991,1.72138359536464,6.80225853019071,2.91687526141687,5.85162893268068,5.887144563943,1.44228760528754,3.25216477676735,0.572267799647905,0.822366481160194,1.13939342690269,2.41246121327779,1.51701384350658,1.15957723928901,1.40842449137692,2.05089057757155,7.41534410138561,3.33962110835855,1.91889564147829,2.254171223751,5.426345433672,3.79116459465039,3.28160878809838,0.00434876883114155,5.80227061273473,1.74142405092706,2.42840398710363,4.03984986749613,5.66640610459765,2.51837762548133,2.18535784724758,1.62710622961657,1.75329134737877,3.0329862355334,1.32349890367664,3.44428888701659,2.01744996825622,1.16028980570627,1.06835490371884,0.8451319747501,6.10940485628188,3.90161425763572,4.62878738195694,2.90390096531126,0.762958417509916,1.24652669660073
"77",0.816183311536999,2.65476562257208,0.678955824541214,2.7626619426541,3.67022603420245,2.4422427604674,6.0334391691358,1.58372692498828,1.25065077243336,1.54385249480329,6.65786805131121,2.50902283306013,5.92610383479804,5.46122905839221,1.30242172462555,2.90580633959796,0.530364807952575,0.668052823077105,1.11940730749335,2.11050162847324,1.1853355432539,1.05817780208981,1.18509764045993,1.67001903531284,6.99416117291976,2.94070376733139,1.64826877638065,1.97609032276248,5.04799649406137,3.30944426841046,2.8662109400112,-0.0680785873306764,5.40070354599456,1.60032966536893,2.13563562800536,3.55849727348483,5.18244775332133,2.20636442784898,1.86221732548491,1.42797357207426,1.53770932056364,2.58973451341567,1.23627045605006,2.90709307213853,1.73327523272735,0.950660399652153,0.922672058789678,0.678945708728002,5.48357669961273,3.28431518288195,4.08638993439253,2.47774032477752,0.600913630049402,1.09666477661658
"78",0.715948960666247,2.3273951869933,0.655966494193165,2.32618371508955,3.08134074957441,2.054411686292,6.07103257171623,1.57660423006363,1.07577056149195,1.39953367815725,6.41203325642687,2.14426586909801,5.90733763827486,4.97996033613958,1.19433663896757,2.602116120533,0.49866497107937,0.562885586004874,1.10581994917515,1.86407954528135,0.929501897825578,0.982374379984538,1.01683535879132,1.34199214970886,6.4788031728163,2.59634744838735,1.42576070067996,1.75530587870002,4.64813695566928,2.88572517528992,2.48655728715119,-0.102612673852419,4.95334139097983,1.50420720667509,1.87656530759887,3.08523593975218,4.66858476752726,1.91246945568779,1.5853956283845,1.25668107624187,1.37046941309389,2.184516852149,1.19190837865561,2.40494938013607,1.4968292110847,0.791887171048831,0.836288361098753,0.549378929212885,4.84615861378188,2.69813924999058,3.57123423753571,2.10465100015534,0.500767054811631,0.986740369959075
"79",0.638676219957661,2.05102396236025,0.613378772524072,1.93146269651052,2.53953992540741,1.71441584687403,6.03218217786874,1.55373823923307,0.944829024960672,1.27852865923807,6.0753036600933,1.82442376867687,5.78792188691167,4.46390013302328,1.11019879137932,2.34464241518677,0.4719684033385,0.497736030106823,1.08743338491384,1.66956370822711,0.746611272484444,0.920955173222434,0.894888520550884,1.06778728359436,5.88732263796843,2.30518461150514,1.2480735149543,1.5816143773385,4.23898613158681,2.52568064479782,2.14991598207378,-0.108127110373972,4.47735399469891,1.43869410671447,1.6464069374328,2.63121348115278,4.14641430267117,1.6368651488612,1.35109103267192,1.1106376625416,1.24737861034661,1.8243620125226,1.17336754387199,1.94975378851465,1.30375007340297,0.677103067620684,0.798368473389019,0.452859114753188,4.21571732560814,2.16479916678596,3.0955376884785,1.78954387006769,0.453882743482362,0.905382385836388
"80",0.578799551367762,1.8208596170176,0.552748876644825,1.58512975554626,2.06084992717241,1.42101553132095,5.91333406125219,1.51057665940284,0.84511082059039,1.17265131492127,5.66211917712482,1.5496569656454,5.56753655163343,3.93388963888791,1.04324407155413,2.13389264429188,0.446407250376849,0.463499737755467,1.05641360212721,1.52072110952194,0.629756620404934,0.864908199723116,0.810191189591693,0.845939490656249,5.24093564013677,2.06288204229463,1.11082913383691,1.4445219872602,3.83168641132854,2.23039774492427,1.86007761310402,-0.0921435554629859,3.99025513206324,1.39026569199985,1.44056417401639,2.20638768577292,3.63511516926171,1.38034567350972,1.15462164787446,0.986804643597091,1.16176322951563,1.5142284379386,1.16512833116329,1.54993337458739,1.14957387412345,0.599192605261754,0.79845793754009,0.385719493570257,3.60929892520775,1.70002492321725,2.66792731949192,1.53411985647531,0.449889095268458,0.841919493749356
"81",0.53151224755865,1.62943691761872,0.477878025063142,1.29031308760154,1.6561587539122,1.171618428237,5.71571086218197,1.44589848206239,0.764048738948255,1.07592248969036,5.1902134509429,1.31866883682274,5.25340500432706,3.41005245282685,0.987857661789022,1.96753142036887,0.419465677118109,0.451506446040116,1.00846633520031,1.40898676272388,0.568183880143241,0.807969896113292,0.753861178190103,0.672685306862239,4.56306659239969,1.86267940537448,1.0088302503235,1.3338477748267,3.4359370036467,1.99633521252272,1.61733255940607,-0.0605629187536426,3.5090562210703,1.34692077026598,1.25514783211129,1.81922313165119,3.15046453992,1.14465056672778,0.990689548547196,0.881622350095853,1.10458007590802,1.25687892775893,1.15397365813402,1.21019184024123,1.02990320759537,0.551048384445357,0.827009115572425,0.34445545839714,3.04189136698204,1.31282712420365,2.29318610652539,1.33692711254276,0.477139216310068,0.787092527300353
"82",0.492750575043852,1.46767106024729,0.394107242894806,1.04690913518866,1.33132905558034,0.96260909146431,5.44484723683053,1.36130830401868,0.690002742893029,0.98448362407362,4.67948169496674,1.12887486476363,4.85936076583241,2.91084054432814,0.93947552216814,1.84097253410169,0.389848284577472,0.453743368032737,0.942454260295679,1.32410984791713,0.548253421216719,0.746600479541999,0.717444801170725,0.54235364138064,3.87804776964476,1.69615682552529,0.936253508803383,1.24013817812789,3.05977866786638,1.81604341246334,1.41908361708283,-0.0178274404897232,3.0494444124525,1.29857119320851,1.08707900351378,1.4764723576112,2.70457673811965,0.932322906677918,0.853637305672418,0.79119140292806,1.06519800543118,1.0528447119119,1.12937522163208,0.931714022662325,0.940340839276256,0.525718659955528,0.875311216407238,0.325810172303015,2.52602886093068,1.00609192142888,1.97252823333703,1.19375277130548,0.523437923727906,0.733368158165657
"83",0.459151726229124,1.3274462058268,0.306584170000368,0.852260192071574,1.08749483862588,0.790155003424767,5.10943489573343,1.25998077052857,0.614164297583889,0.896369515333241,4.1491958809051,0.976815646424773,4.40352602916057,2.4507011011436,0.894338462485528,1.74883820383979,0.357154004013951,0.463396505808065,0.859445058881084,1.25574499580466,0.555814482982349,0.679907968607424,0.693508733382549,0.448328968611396,3.20792785902525,1.55511926559238,0.887120302207681,1.15567596879928,2.70907113128462,1.67994678766811,1.26136235762688,0.0326709377048573,2.62377221770174,1.23798692859064,0.934330023768034,1.1826427499653,2.30528387978521,0.746349540903692,0.738075456173895,0.711723219393788,1.0333285963154,0.900339996828362,1.084427847924,0.712678855012898,0.876320880713296,0.516765429695871,0.93530277076268,0.326979351312964,2.07082778738433,0.778073142331484,1.70428708635989,1.09859063102453,0.577827869912154,0.675695472594514
"84",0.428042537959343,1.20230810307936,0.219796591708724,0.701354211807256,0.921155651691177,0.650424556200948,4.72099543126329,1.14630976588,0.531060796836139,0.81143522458541,3.61724350596155,0.858270186522841,3.90764228555314,2.03945569739688,0.849426665318323,1.68535555474306,0.321781530691508,0.474995888345085,0.762442253299137,1.19389642657425,0.576865125143625,0.609607503676614,0.675798334238871,0.383321380897205,2.57160784170062,1.43211070077708,0.855426858762164,1.07474778988045,2.38735996613156,1.57684699856132,1.1392440443861,0.0884731922588453,2.24052218092197,1.16104490924848,0.79598229936171,0.939856820705613,1.95598890391982,0.590049027790851,0.639056507300066,0.639667329285262,0.999562118105092,0.795247005814009,1.01608938550198,0.548412112636739,0.83306432820927,0.518361644184253,0.999519663727307,0.345659531520778,1.68173221472909,0.62281935308792,1.4841196102733,1.04391438048478,0.631074965003045,0.611701530403256
"85",0.397439740160282,1.08737924763592,0.13752889832226,0.587486754026886,0.824714014693029,0.539645692479128,4.29324748195066,1.02540016570345,0.438303744774118,0.730909028789787,3.09962377219856,0.76834529121286,3.39536356482772,1.68250462215818,0.802479834336472,1.64453153035784,0.28466971119288,0.484412511074712,0.655881958647875,1.12954454916196,0.598384677144551,0.539271267610441,0.659216743399208,0.339790940265846,1.98456943105237,1.32072088384633,0.835280954798779,0.993521095456203,2.09614172183721,1.4948335523973,1.04713740517132,0.147766625855632,1.90446869032217,1.06654912983153,0.671972515344744,0.747977855221172,1.65637944444113,0.466499365273599,0.55228034081348,0.571947074271671,0.956020693902742,0.731411143341135,0.924776033884344,0.431942509088068,0.805610917350384,0.52533104076128,1.06103505705383,0.379799967593933,1.36067423906331,0.531153384839586,1.30573325140781,1.02117466853012,0.675887321758728,0.541412107705104
"86",0.366050678618013,0.979163650960199,0.0627752732745748,0.503692987037846,0.787639158353635,0.454229504158928,3.84073992204057,0.901971547462765,0.336034542157755,0.656424305285853,2.60936757769434,0.701667550210336,2.88856667579504,1.38128001920721,0.752041946564271,1.62052568737452,0.246736181497798,0.488849335598921,0.544546104319739,1.05599734544488,0.610127940497804,0.472702799417446,0.6397769777278,0.310863376494087,1.45830033075719,1.21624211353955,0.821196222509839,0.909772971234071,1.83544096153215,1.42325007102205,0.979406172633951,0.208765379861777,1.61703753891068,0.955836522834142,0.562541412204814,0.604884620856355,1.40397806523378,0.37729899615387,0.474536744852573,0.506468586977936,0.897765784349447,0.701281224333423,0.813481015597207,0.355204956627142,0.788888914969595,0.533232930953227,1.11332997257539,0.427063904471602,1.10642578137761,0.492789224707444,1.16245881540003,1.02187241978725,0.707382076852271,0.466643017605278
"87",0.333271960874315,0.875490926599337,-0.00227169254818524,0.443095383473427,0.796772607930986,0.390799855135833,3.37851391608942,0.78010572523946,0.226770827938679,0.589784216968373,2.15629567799459,0.652433263743834,2.40646841046454,1.1333864423285,0.697471587039551,1.60773653904001,0.208746442970104,0.486830973822271,0.433300026702519,0.969206133872032,0.605038340006358,0.413543079442113,0.61458993210009,0.290549776075846,1.00018641841499,1.11581668524429,0.808167650774707,0.82281696409301,1.60395967201859,1.35315804004099,0.930513112640021,0.269561397592733,1.3764209829078,0.832664731156495,0.468103000689683,0.506548968540109,1.1945276899041,0.322273931100898,0.403806973342546,0.442236773330868,0.823115590076297,0.696078032803423,0.687544285150321,0.309339767145476,0.777735379587023,0.538382902564036,1.15027271141753,0.484699342190645,0.914701478426312,0.496841834456263,1.04763194058763,1.03781835705772,0.72317924026725,0.390839534733211
"88",0.299145140697195,0.775212017652221,-0.0559639981416244,0.399318362432939,0.837335332387016,0.34621789222847,2.92153021087796,0.663328630566963,0.114690221539665,0.532674034000399,1.74729954361726,0.614560468392427,1.96493824629139,0.933620793059201,0.638939439768873,1.60078804084087,0.171307829793056,0.477964410518406,0.326820479821983,0.867797153798519,0.579112845728296,0.364823324838928,0.581839792356837,0.273934704691788,0.614269041842395,1.01827731300385,0.791874454998871,0.733211278719422,1.3995151560806,1.27750828743935,0.894999609065454,0.327985137691031,1.17848979082732,0.702616741650705,0.389173847937003,0.44743270153082,1.02270323885784,0.299350570989427,0.339220460924238,0.379281471048578,0.733344085526963,0.706361277421725,0.553922826528438,0.285246124888999,0.767012856703308,0.537880729355299,1.16639698042443,0.549428748632788,0.778769171262945,0.532318706876374,0.955036229868515,1.06141226729294,0.722969342352909,0.318527968987071
"89",0.264272401854447,0.677620698113452,-0.0967090768536405,0.367274179152707,0.89484150122677,0.317628420007813,2.48358237258462,0.554768401902175,0.00426873549227658,0.486115830999429,1.38687798825003,0.581977778071593,1.57519844504256,0.775911901869682,0.577423420006452,1.59450309501965,0.134859210696929,0.462483773096091,0.229080431562226,0.75312881890229,0.531141204390455,0.328117553601052,0.540737356634619,0.257532205282505,0.302687058060894,0.923842136788751,0.769065438914652,0.642204162334574,1.21987195399181,1.19146310808741,0.867445516133103,0.38134186884951,1.01852775231318,0.571968969121627,0.326239695279432,0.421242080622214,0.883462333032607,0.304316341555774,0.280971539146195,0.318515889574149,0.632105444064285,0.723106935971883,0.419804172968355,0.274632595667194,0.75183125659856,0.529663293874187,1.15743132724746,0.617240358780478,0.690610681422314,0.589050653675804,0.879743048998641,1.08617207814573,0.707689858622281,0.254273508663877
"90",0.229792039581468,0.582335945469076,-0.122871927662548,0.343315010296056,0.955496718714274,0.302467517029978,2.0770683311132,0.45719584355756,-0.10000699525217,0.450363415600764,1.07726649728041,0.548696925262316,1.24359678050517,0.653739608396815,0.514699628177367,1.58390387760981,0.0996734040462883,0.441148780459836,0.143248499607647,0.629268852331044,0.462618877858316,0.303386551259284,0.49150109000762,0.239349787008935,0.0659862154201837,0.834037541447358,0.737632648633147,0.551610615323676,1.06291753575968,1.09244209297127,0.842468580733827,0.426369472538504,0.89160654831622,0.447443717960253,0.279730520496882,0.421099228534715,0.772322502157093,0.330798274309608,0.230286748482086,0.261696355728842,0.525278755105852,0.737938229443738,0.292315224228002,0.270232026495255,0.727597895313426,0.512510528673313,1.12040241540896,0.683358023574796,0.641184149356247,0.65788467386998,0.818273350353959,1.10684166904543,0.679343737440732,0.202457849447563
"91",0.197202069361948,0.489273643499319,-0.132788385995651,0.325091254980512,1.0065043504247,0.298422445806881,1.71276244383861,0.373226382480531,-0.193961319974072,0.425011289540988,0.818935700292273,0.509149509089997,0.972408208907106,0.560806658134202,0.45315391349563,1.5643440332651,0.0659620072874669,0.415012508563473,0.0717617110149433,0.502191007584873,0.376939127487249,0.289316671891576,0.435133990554032,0.218709684069547,-0.096432591875764,0.751328950094155,0.696520372615719,0.463539552811153,0.926855673393068,0.979678409873437,0.814899681682843,0.459492377538278,0.793188929756289,0.335747732352506,0.250065012545046,0.4399992702098,0.685487213235478,0.37088790480908,0.189052752482398,0.211147431440148,0.420046337548387,0.743456665241143,0.178237954705754,0.265883236383033,0.690143422755399,0.485935415264312,1.05355869345338,0.742517970171615,0.621095547424242,0.730813796280072,0.768430043823876,1.11942218866121,0.640631767409299,0.166983705500112
"92",0.16806544599878,0.3985998066352,-0.124787752391311,0.311313954153867,1.03657584128267,0.303364595651828,1.39943546335916,0.305657517757028,-0.274265934949957,0.409177285368225,0.611424135354147,0.458749644598132,0.761176133183374,0.492160088314973,0.395466885921204,1.53172967779425,0.0340506404521665,0.385033598722975,0.016447596670373,0.378432245620854,0.278042730063834,0.28388695281923,0.373050638515826,0.195949745972865,-0.185565328120202,0.678503931464846,0.645572674377329,0.37993822930091,0.810528927422716,0.853476783895506,0.780075798242683,0.477246279790165,0.720135420104546,0.242801861138313,0.237725037376267,0.471573807491925,0.620055312451186,0.416186077719683,0.159194430466245,0.169302546089476,0.323353561285046,0.733794432791308,0.0835354491313947,0.256666615924766,0.63593212374802,0.450000056928888,0.95624231775429,0.789431627500385,0.621720132890548,0.801193279002105,0.729017022026289,1.12122392421786,0.594338787604748,0.150781814823008
"93",0.143951891405481,0.310719646875716,-0.0972054892078472,0.301693975736179,1.03603145612224,0.31533594282194,1.14380357893839,0.25751915683453,-0.338526642943114,0.401547708768488,0.453500780236831,0.393992182518171,0.607001670679918,0.444369910038824,0.344547833233778,1.48256079123084,0.00440683118489058,0.352006561816888,-0.0214476973061258,0.264828990100461,0.170161497459038,0.284489965075006,0.307000369704014,0.172352855317148,-0.202669091866383,0.618549730352263,0.585489407029823,0.302510062402863,0.713467792655078,0.715064066469191,0.733898024212854,0.476361242459524,0.670859630995888,0.173606566188772,0.243265622934902,0.510229625315227,0.574048835061226,0.45801929123163,0.142558844943084,0.13861430032578,0.241624149285433,0.704697547214806,0.0132718949133389,0.238917502456265,0.562099955523577,0.405271721955703,0.828849585537187,0.818884877813385,0.635407818619621,0.863769923823534,0.69977164403567,1.11086039415538,0.543219846807816,0.1557352999346
"94",0.126302499400163,0.226223676506342,-0.0485503354714751,0.296567653505344,0.997035323119745,0.332512409795426,0.950811532951643,0.231919090115996,-0.385166299959998,0.400634502664301,0.343513144561335,0.312467165454202,0.505627747467612,0.415232823527041,0.303315349886686,1.41399046341266,-0.022407017068951,0.316513728546735,-0.0411268425949771,0.167924130752108,0.0573882016757441,0.288362431085236,0.238834509398775,0.149789522464835,-0.149144857163908,0.574355992826508,0.517491575555744,0.232652509144854,0.635762854985938,0.566191290168258,0.672969929966499,0.453943171806923,0.644965310845028,0.132221809551659,0.267259481064269,0.551271676087229,0.54625175479482,0.488113070571766,0.140757065749085,0.121361670358861,0.180419122358486,0.653287073597262,-0.0283476031901264,0.210033628049321,0.466485197171766,0.352592508731068,0.67249998510339,0.82610138222743,0.655694817578992,0.914527184909254,0.681005895673286,1.08796480437819,0.489856987523594,0.182865418676522
"95",0.116230849965142,0.145808513095204,0.0222500984251717,0.296346682959982,0.913940696029886,0.353150038416945,0.82404883455164,0.231815777015807,-0.413252605616101,0.405153129892831,0.279898566654364,0.212880883782979,0.453031898032656,0.403336401418908,0.274375041841463,1.32391189040118,-0.0458028050439196,0.278854763381268,-0.0420465412398521,0.0930959717712874,-0.0569550344341607,0.293217895777836,0.170164410682776,0.130192721440142,-0.0263653951468008,0.548278080907675,0.442829583910807,0.171365918836933,0.577876796347226,0.408549074124959,0.594800809039707,0.407740382092925,0.642712589409157,0.121737754219858,0.310215448344795,0.59108356760547,0.535972929328562,0.499581246970315,0.154931914794318,0.119366818410288,0.143936082815614,0.577708021042415,-0.0379183490769002,0.168192087413637,0.347673423024702,0.292740893335317,0.488549854744601,0.807276390313689,0.677614310397303,0.95045745799893,0.673079111227153,1.05277331729733,0.436448973962349,0.232604721412891
"96",0.114498170868954,0.0702566133934814,0.115821317114622,0.301433375655939,0.78330193968337,0.375587015678252,0.765832403177685,0.259969534868138,-0.422456851772458,0.414078860815041,0.261265705636069,0.0950280208898546,0.445675751764305,0.407978004857782,0.259965619542691,1.21095948567463,-0.0651819098614803,0.239044575406034,-0.0238843659801053,0.0444361677936704,-0.170403653148726,0.297336991529239,0.102309314145785,0.115466178032518,0.164358351740324,0.542076512424564,0.362702436771984,0.119247540732335,0.540600588376612,0.243673628588476,0.497820317258322,0.336175030590704,0.664915540228671,0.1442831502105,0.372565340263268,0.627140798727109,0.542998159716814,0.487068001914457,0.185733263753014,0.133957666524458,0.134956128226868,0.477055376522087,-0.012823476118261,0.112293842266683,0.204987325380722,0.22637973062424,0.27850416483903,0.759646063982814,0.697723094323067,0.969514805694517,0.676317911639919,1.00604171173855,0.384778971971817,0.304854444676887
"97",0.121587000503798,0.000302577312453423,0.232474669420924,0.312172305492542,0.603257463935496,0.398401065360193,0.777534216807837,0.318705608710182,-0.412807467426113,0.426649715818378,0.286482298291762,-0.0406951348053504,0.48070961060483,0.42890736835151,0.261863692232872,1.07432340426037,-0.0800122046309895,0.196944914387483,0.0135278861764796,0.0248636719280064,-0.281242990730011,0.299509911158314,0.036274777968071,0.107268381013764,0.421904213021932,0.556984054190938,0.27813529465919,0.0766099866818095,0.524803714585502,0.0728335185448898,0.38113438052067,0.238215230650027,0.712577704580251,0.201225447785248,0.454647648059773,0.657797704082796,0.567389893377868,0.446672072967139,0.233471675592224,0.166040426610067,0.155177743501863,0.351030924523933,0.0488268364721947,0.0417519659580563,0.0382218939763455,0.154028719691681,0.0437648667799238,0.681331524892194,0.713795617086813,0.970403326794077,0.690988200708201,0.948707996239836,0.336197215633334,0.399249124420159
"98",0.137796421157475,-0.0635396549751306,0.372378933166786,0.328787862040585,0.372732092928615,0.420612891980682,0.860004777622393,0.409607946040055,-0.384371476581492,0.442370231883714,0.354788540611509,-0.193919896311002,0.556236723538802,0.465993916782267,0.281260739939455,0.913509794908634,-0.0899276044433748,0.152434473918035,0.0702903197281444,0.0362721056709461,-0.388369044105161,0.298961988993071,-0.027275169262893,0.106733454050058,0.745502855692834,0.593792486734259,0.189821254038378,0.0436343605240808,0.531111334937705,-0.103116644568999,0.244209670289464,0.113209723737242,0.786421034995499,0.293429459365839,0.556686473809449,0.682012048993315,0.609228350553707,0.375848688616799,0.298317018638343,0.216193377712358,0.205648426404139,0.199499698820048,0.148273924631596,-0.0437820362518977,-0.152697885766003,0.0760288466923384,-0.214694334668579,0.571137223811661,0.724428465954361,0.952303632375148,0.717259019743381,0.881456355871194,0.291598623214455,0.51549859886012
"99",0.163259316418571,-0.120992745102864,0.535586364905317,0.351380214107721,0.0913133872046359,0.441700245428123,1.01364039159142,0.533500601146848,-0.337213215595273,0.461004303680514,0.465801038060846,-0.364384433450045,0.671319575256714,0.519182211791843,0.318763516442214,0.728301706891028,-0.0947361020759381,0.105430109571607,0.146447576619256,0.0795768114219655,-0.491253934860623,0.295331862613395,-0.0880120565729712,0.114450327086622,1.13474906128857,0.652875985294017,0.0981107621528672,0.0203932758351399,0.559870065114655,-0.283743173900643,0.0868235072244019,-0.0391435960644451,0.886834620695435,0.421303663618101,0.678792103464044,0.699293694477138,0.668578354999699,0.273359500019993,0.380327616571311,0.284687908483651,0.286837321010079,0.0224297588528799,0.286137968999345,-0.144459173948665,-0.367764195463174,-0.00745689332035582,-0.496357340666606,0.428506203300874,0.728967746953344,0.914825562863751,0.755201171300762,0.804669045625335,0.251432367304119,0.653429017270298
"100",0.198010391401908,-0.171938074910031,0.722089206090345,0.379976039517146,-0.241044855777659,0.46144462406221,1.2385617761837,0.690712193801971,-0.271382121372426,0.48247518439689,0.619376454042424,-0.551927918711669,0.825623848485691,0.58846036202209,0.374603411690941,0.518644842599599,-0.0943598692402929,0.0558825299638102,0.242011443055389,0.155086574108395,-0.589724602891749,0.28850893518495,-0.145818568879463,0.130653002846657,1.58947724685567,0.734353380969026,0.00313546002820431,0.00689827090656081,0.611235367584243,-0.468881894102253,-0.0910687782853188,-0.218935621717947,1.01398462329513,0.584977508883185,0.821003454834681,0.709489184915356,0.745484390918534,0.138779576780735,0.479502517220396,0.371608520854409,0.398870402217312,-0.18016070090323,0.46264557398149,-0.26031520460981,-0.606936185599636,-0.0963750593089117,-0.801010634837098,0.253268705709218,0.727214157791366,0.857842719762459,0.804829155692232,0.718519747474033,0.215864334432013,0.812952547475561
"101",0.2420635049059,-0.216327197906594,0.93188392327329,0.414586202126429,-0.62435968498221,0.479756984151663,1.53481711630661,0.881376584171448,-0.186898853107323,0.506751794189086,0.815456486518087,-0.756483860398021,1.01901363145362,0.673824113836417,0.448874483187637,0.284517671147341,-0.0887671544801378,0.00377139480247024,0.35698655021406,0.262926237904367,-0.683711200311564,0.278448583760792,-0.200647111165836,0.155436880362686,2.10961993882052,0.838272637812452,-0.0950510146167289,0.00315371327269531,0.685270914335433,-0.658465993542904,-0.289484641566787,-0.426202857256158,1.16793927370372,0.784502989169596,0.983336338103527,0.712536845417389,0.839964987646908,-0.0280630997667686,0.595840914709697,0.47698926345447,0.541797855076084,-0.408263475744889,0.677888506513682,-0.391364121507422,-0.870196590379692,-0.190703955843219,-1.1285670275829,0.045356363081055,0.719087685100703,0.78130434560012,0.866148850263016,0.623079717981682,0.184961829743088,0.994032929516834
