"","V1","V2","V3","V4","V5","V6","V7","V8","V9","V10","V11","V12","V13","V14","V15","V16","V17","V18","V19","V20","V21","V22","V23","V24","V25","V26","V27","V28","V29","V30","V31","V32","V33","V34","V35","V36","V37","V38","V39"
"1",9.80986365172748,13.916492078182,12.1939510661221,17.4722355105864,8.62913977467292,11.3231629237507,14.7001003187197,19.4531218087091,21.2327013710371,16.9430171420906,19.2769689934373,11.0764026914296,12.4031704692459,17.0417072785449,21.0614268299789,11.7295802191038,13.4416133814061,7.78627708978775,20.0297055959823,13.2895190812326,15.5825044416351,15.9114926930154,11.8237920084985,14.1706905355281,17.0389060943448,11.959116341144,16.8866946053383,14.4316685276106,18.4082780092338,16.0022622485501,19.3803196231947,18.3786102796657,16.7930453858799,19.3564012069151,25.7623678640446,18.446575832618,17.2881065395229,18.0866277696605,14.9474053459469
"2",9.92541065255957,12.9097128764537,11.3138432371756,16.3158684115993,8.34393813647791,10.84610628399,13.5982483258622,17.4248237276715,18.5910942661779,15.1140165137142,17.0786921274765,10.8208054007738,11.2301043156082,16.4951531472386,18.9042554877854,12.2534788164729,12.673799293704,8.73306575826894,18.0411620800177,13.0034325034668,14.189251276888,14.5358766819331,11.7735835342489,12.6887893091847,15.1140786405628,11.9855125515231,15.6599923017697,13.2903556252842,17.5978975059613,14.2694919770234,17.5454206567629,16.9057414380307,15.1826281916324,16.6045617635069,23.2701740370498,17.2567536221332,15.3060017341721,15.9268911093304,13.7424410382781
"3",10.0128386820707,12.0176247993134,10.517057717195,15.2271031111153,8.09320010817902,10.3871640565796,12.6089873850667,15.6275245956873,16.2172774379587,13.535321873046,15.0829612812254,10.5297816004917,10.2375248987476,15.8659028853284,16.9687505351633,12.6326647707653,11.9646266140453,9.47494667784722,16.2397904475865,12.6686964892105,12.9336056258821,13.2569340415209,11.7069585868511,11.3901401455615,13.3940138445667,11.9406411144936,14.5262954866104,12.2380031830452,16.7484376068158,12.7465489482073,15.8652306684476,15.546372278085,13.7347861180692,14.1811060211457,20.9327939888573,16.1468446478753,13.585856536135,14.0420792019627,12.6630275150706
"4",10.0718994730976,11.2395369366674,9.80342593072597,14.2057274289413,7.87691138217821,9.94680749940387,11.7320933657233,14.0606522465953,14.1105512144244,12.2061929366105,13.2905737363091,10.2038881076357,9.42443062411505,15.1549466234157,15.2546807686113,12.8672982570441,11.3137988336527,10.0125742147901,14.6255448729231,12.2858090419219,11.8153116658807,12.0754981614944,11.6238711145602,10.274317406863,11.8783647134701,11.8246367832308,13.4853516609329,11.2745779032945,15.8611913879196,11.4333613315199,14.3399686011947,14.3003021760112,12.4489674637763,12.0852059877512,18.7514311790174,15.1166140689425,12.1257860904232,12.4310862183305,11.7086261224186
"5",10.1017230173984,10.5729388405294,9.17227985929142,13.2509010473801,7.69501441379528,9.52688584748964,10.9666225198517,12.7218460781597,12.2682742181095,11.123635305254,11.7042019530992,9.84526460321621,8.78685568548586,14.3660441367907,13.7609465925693,12.9581108106951,10.7200829098783,10.3486268607057,13.1981237158576,11.8568317385693,10.8333303613936,10.9944859781805,11.5240460586509,9.33951763625528,10.5657412938726,11.63815712978,12.5361619900552,10.4000019321787,14.9407801668861,10.3296339173841,12.9703800153528,13.1668538856565,11.3231596950249,10.3136742322723,16.7302886462004,14.1652282069279,10.9190519786602,11.0898151695644,10.8772700852297
"6",10.1008032894715,10.0127119112218,8.62202424625477,12.3606588559712,7.54731105026737,9.13136898018176,10.3104001692717,11.6058052916961,10.6847916044624,10.2809899816933,10.3284868325415,9.45836475364586,8.31617535996938,13.5069486568981,12.4846523605429,12.9068961274323,10.1806888162858,10.4890009672603,11.9565139206599,11.386295519049,9.98521307968638,10.0192463324864,11.4071411284619,8.58155927128444,9.45301652310462,11.3827792192325,11.6764740331287,9.61419474275208,13.9962733745198,9.43479716533508,11.757650089716,12.1445466146984,10.3531716870542,8.85964849256272,14.8772538728574,13.2909456451228,9.95253136293737,10.0098136556471,10.1648909007025
"7",10.0668895129842,9.55045896544773,8.14972495084249,11.5316847085962,7.43332365428406,8.76694864912295,9.75920148193624,10.702276138887,9.35003044182419,9.66549256099482,9.16906178299885,9.05111183903353,7.9967748403815,12.5912663394274,11.419526826647,12.7177732757832,9.69067884463667,10.4450647093527,10.8980153449678,10.8827122792771,9.26635381788208,9.15729248796593,11.271952753813,7.99216333189985,8.53391403287766,11.0621469952822,10.902322852004,8.91710826710552,13.0420935001685,8.7466764106745,10.7030532351075,11.2310425002384,9.53191188431696,7.71050247816075,13.2038572014769,12.4910701693047,9.20501122982876,9.17650726414134,9.56469150402133
"8",9.99666075035492,9.17411259094423,7.75086630574244,10.7597305237366,7.35210402418202,8.44305347385325,9.30569627270186,9.99314785377717,8.24783454847207,9.25477682074695,8.23023905660772,8.63640222355338,7.80344799846676,11.6410028247134,10.5537469934235,12.3995008941906,9.24278426308551,10.2371781268801,10.0166701765298,10.3605526544532,8.6693030928667,8.41721829664394,11.1142190324914,7.5565715138537,7.796749204654,10.6840636078146,10.2078648702735,8.30859271657123,12.0986553247798,8.25802487417574,9.80724014491482,10.423542274225,8.84872663213487,6.84483665648128,11.7242555837725,11.7623415850686,8.64509106757337,8.56696973099309,9.06666940000967
"9",9.88704369355816,8.87050685923719,7.41988489765886,10.0411043794514,7.30190027810824,8.16809806545054,8.94086105800448,9.45523546698994,7.35838545980773,9.02043698273333,7.51115730039388,8.22860220020933,7.70754069004686,10.6820296773658,9.8707957354631,11.9655892086526,8.83023963442765,9.8920196751577,9.30300218951503,9.83642645491846,8.18495068550587,7.80435481189155,10.9282394514444,7.25594860958266,7.22572639430383,10.2596139262663,9.58695676787419,7.78744396330086,11.1879033390678,7.95467751900332,9.06818277834105,9.71891505101374,8.29083242706208,6.23486946235228,10.449796889904,11.1016781175505,8.23764697657833,8.15339111192531,8.65932264334743
"10",9.73633868996916,8.62751357684893,7.15064388769692,9.37376727811552,7.27992955874685,7.94648336075833,8.6553292550903,9.06311543417224,6.6604856930138,8.93161122531562,7.00318626168797,7.84042872725658,7.68240796820514,9.73992153364108,9.35060144688232,11.4339019030114,8.44908503541725,9.43970678611131,8.7441368931491,9.32561142561459,7.80361204579291,7.31752283079196,10.7086431461099,7.06980328333746,6.80245196104613,9.80202016444514,9.03444987084187,7.35067010451094,10.3296093329971,7.81481169930501,8.47967815589725,9.11371442663151,7.84459738923095,5.8489809125143,9.38488583852971,10.506684714401,7.94944572841161,7.906318589575,8.33111165168272
"11",9.54429147261726,8.43417833449057,6.93646323687162,8.75740291397259,7.28236358650864,7.77840565324876,8.43947727370251,8.78930653010232,6.13170431708165,8.95521026557617,6.68976185567049,7.48275065335113,7.70376183682829,8.83969075561619,8.96961086904911,10.8266304783507,8.09831264549007,8.9136121058407,8.32380937911122,8.84183200346024,7.51509754197045,6.94882628611237,10.4505017593059,6.97614248752686,6.50603087910155,9.32656875855402,8.54627257578985,6.9934447865503,9.54113660687602,7.80890053526691,8.03125319467357,8.60417945079665,7.49562292743202,5.6518749218755,8.52672093607379,9.9756853545802,7.749502444528,7.79486307644764,8.07055232855968
"12",9.31209316018614,8.28072050706224,6.77011970610805,8.19341767313588,7.30432865953119,7.6598565930228,8.28342451608165,8.60426984869002,5.74837695281162,9.05591735931835,6.54638616537183,7.16458871755018,7.74967125060645,8.00578743118899,8.70078909058283,10.1702942529958,7.77986674676371,8.35036349461983,8.02236432153436,8.39725931735121,7.30871246053056,6.68365224630416,10.1493294412306,6.9514714627179,6.31306673769253,8.85061036719156,8.11943034990917,6.70910720490034,8.8374399713573,7.89971291311371,7.70816470833941,8.18623462691916,7.22874373911428,5.60457930351199,7.86529447672657,9.50772304835796,7.6090805962694,7.78669921491727,7.8662160634188
"13",9.04238034184077,8.15853318083125,6.64384701787535,7.68494009255893,7.3399058527646,7.58262399758072,8.17703355181931,8.47641016510006,5.48560643432009,9.19618976694826,6.54062919956402,6.89311546308834,7.80056241323965,7.26209842814271,8.51362090787051,9.49573880281156,7.49864300485245,7.78984213088084,7.81675697519227,8.00251081996723,7.17325708651814,6.50067243832992,9.80108354447582,6.97079471472221,6.19766280339195,8.39355877815956,7.75200544032282,6.48916251823492,8.23106543234794,8.04231630901824,7.49140027553949,7.85548969872116,7.02802820894143,5.66444747581062,7.38339364720139,9.10255946481094,7.50169264706148,7.84806651237609,7.70672990727645
"14",8.7392990955751,8.06012819554102,6.54945784009402,7.2364125501007,7.38228126623375,7.53490373336885,8.11004207862426,8.37310391863165,5.31776204296935,9.33736504191921,6.63345555847881,6.67359016517976,7.83944383129465,6.63123350501302,8.37513759502879,8.83695886729914,7.26194570618281,7.27375160428197,7.68130649874126,7.66637241555145,7.09708730780675,6.37299251226398,9.40268914457506,7.00835341334009,6.13222376562695,7.97606588574504,7.44293752636835,6.32359433599808,7.73191239560843,8.18620796945859,7.35833361101448,7.60707861454789,6.87707919583156,5.78644682864974,7.05743427747595,8.760393807264,7.40358471288991,7.94462602888065,7.58090915673497
"15",8.40887454679039,7.97881888911087,6.47904796237664,6.85123421463733,7.42461336286203,7.50483192307837,8.07282469195527,8.26663344729101,5.22136143400656,9.44604729967238,6.78688287416554,6.50898318888025,7.85320548212384,6.13040424481446,8.25584413667054,8.22430334213699,7.07635455300364,6.83735772231778,7.59204466218846,7.39419438753739,7.06846446527312,6.2747863985969,8.95506693865163,7.04188217251504,6.09208397123588,7.61525908383735,7.19075749149736,6.20266861477608,7.34586094574906,8.28761757151411,7.28650782506945,7.43472991699029,6.76077038565943,5.9305960720982,6.86227383191525,8.48023996615069,7.2965343607958,8.04640577609788,7.47852272141416
"16",8.05923194748957,7.90853030757208,6.42541755188554,6.53035099980493,7.46055183167315,7.48259800048802,8.05684859468788,8.13773699548965,5.17679467723484,9.49792764361148,6.9685632812594,6.39975127055532,7.8333960086419,5.76895873001564,8.13326504694721,7.6804103355907,6.94585030171449,6.50454705582102,7.5293173525792,7.1869318022936,7.07576464193073,6.18526514688086,8.46494461020031,7.05515556280032,6.05827615025843,7.3218921552485,6.99282993392323,6.11801279427196,7.07395065015652,8.31686698227878,7.25589866411011,7.33021062668235,6.66628502091633,6.06641444461793,6.77409066106537,8.25895569122279,7.16952432198491,8.13075917877357,7.39075098591153
"17",7.70060614014136,7.84379108061551,6.38208918627464,6.27219520333858,7.48425979906645,7.46053516521763,8.05469310494014,7.975760681265,5.16839805901351,9.47794770827415,7.15197953863482,6.34382789822476,7.77625598914948,5.54827600795328,7.99209615746337,7.22003315813522,6.87173452598765,6.28761540727842,7.47789593814664,7.04110343113502,7.10748762209005,6.0888468220876,7.9449343692209,7.0380971213822,6.01764993837246,7.10022330819395,6.84532074033856,6.06266199249944,6.9123454055812,8.25868531231428,7.24901139448171,7.28330243631502,6.58316036620783,6.17311217287754,6.77050725544043,8.09120103276685,7.01881413942692,8.18249171929358,7.31020540976237
"18",7.34534155768025,7.77973342159154,6.34330785368934,6.07268550707233,7.49041382881705,7.43312038272821,8.06004965607258,7.77865849628048,5.18445408225812,9.38029965933197,7.31644502940549,6.33662331156262,7.68271793733309,5.46176609083211,7.82420461727675,6.85004032245493,6.85262961676821,6.18726781083086,7.42697726831185,6.94879175032298,7.15225689135856,5.97515650460841,7.41353295221836,6.98677935208006,5.96287187689407,6.94801517629266,6.74319708591539,6.03105900578311,6.85233343813735,8.11220891564999,7.25088080246914,7.28180171063613,6.5032877082538,6.2395904717524,6.83059024552273,7.96943834160415,6.84794016785547,8.19386093768374,7.23092852743981
"19",7.00788874458163,7.71209343631111,6.30404177916958,5.92522977747407,7.47420477193005,7.39697329023218,8.06772073644479,7.55298536677143,5.21718934346617,9.20842014285134,7.44710225822843,6.37102670882977,7.55840247876499,5.49487595645319,7.62862479927072,6.56942080167096,6.88447971199061,6.19262758997697,7.37018145325343,6.89764785834441,7.19882089856643,5.8390257353267,6.8951123910414,6.90341917271151,5.89242181747591,6.85654052015808,6.68022848697524,6.01905284271332,6.88033055488999,7.89097004369726,7.24907171326586,7.31152304811139,6.42091211002678,6.26443477788304,6.93485070567138,7.88393464109258,6.66770789639673,8.16457148347441,7.14839384420164
"20",6.70407055870134,7.63727625740286,6.2601567350973,5.8213157731959,7.43151702361689,7.35062542394665,8.07339625574112,7.31243352178062,5.26232674076615,8.97371402286718,7.53460589260454,6.43787174785558,7.41281187261201,5.62635526197737,7.41069484482288,6.37039312985273,6.96074679860125,6.28314686909335,7.30508351586638,6.87192866136565,7.23631922958305,5.68037546659105,6.41797291450297,6.79541764286146,5.80983457699694,6.81178484514639,6.64920883722389,6.02358949611573,6.97856599034334,7.62050365285183,7.23378845536812,7.35705053027372,6.33258055195952,6.25448752648885,7.06530825658834,7.82326194563502,6.49457258593763,8.10073142179715,7.05948386739505
"21",6.44793139534345,7.55263571762953,6.2091644938261,5.75304751983468,7.35969821528513,7.29352932915215,8.07269330871473,7.07154796426917,5.31716274887114,8.69007437727066,7.57376180846938,6.52793530996135,7.25586716241243,5.83369105428513,7.17834916707887,6.24316764780643,7.07325273365799,6.43680991059505,7.23120240316082,6.85695033079394,7.25542550205322,5.503713478158,6.00598251489348,6.67123675562473,5.72044376215748,6.79961019061391,6.64290978493651,6.04138418251866,7.12802728791718,7.3280715365294,7.198344877806,7.40496342941516,6.23691926112896,6.21871995330396,7.20576630790961,7.77644552378516,6.34368606444221,8.01037082990253,6.96239577747105
"22",6.25028374017856,7.45660336266915,6.15056808748828,5.71431533489492,7.25791427202304,7.22560146450429,8.06071321998735,6.84282742962027,5.37968046958822,8.37135458209701,7.56289928445366,6.63285952604319,7.09631077016537,6.09561479176473,6.94040818960333,6.17814331820636,7.21256766709831,6.63391729912108,7.1490733209577,6.84114267497339,7.24887458061488,5.31790253610031,5.67472029555153,6.53849740930018,5.62987970181677,6.80813717630425,6.65452052408136,6.06830884868711,7.30981876829852,7.03792208637207,7.1393811682183,7.44532422154974,6.13453099362272,6.16540516819993,7.34193902710092,7.73395488802547,6.22568922655374,7.90137453406265,6.85659791419867
"23",6.11866886759181,7.34869193965983,6.08587114392524,5.70082746562029,7.12715901346207,7.14720984202715,8.03202956640564,6.63664599467373,5.44852564843427,8.0312999559146,7.50385402582476,6.74517670843831,6.9416633019881,6.39217013494515,6.70653210039191,6.16596712814531,7.36802054480934,6.85718826702772,7.06022264953641,6.81610469002155,7.21147683295922,5.1361541237533,5.43137218580744,6.40392797596586,5.54402883062571,6.82780941360843,6.6776596864056,6.09937560961283,7.50519826283968,6.77116211474722,7.05686971567941,7.47171882273737,6.02799225702302,6.10204171423524,7.46145477273542,7.68773059143279,6.14662530180692,7.78142621014725,6.74282860003898
"24",6.05735684068308,7.22949539719986,6.01857788668744,5.71011008899364,6.97025415377689,7.05917402711322,7.98068817704132,6.46125307772619,5.52300667463578,7.68354775982491,7.40196816448676,6.85830935092501,6.79822354811624,6.70471294649615,6.48722085187124,6.19753408913463,7.52769910862779,7.0917606943886,6.96716794363477,6.7766045598294,7.14011812983063,4.97602844171488,5.27473094098313,6.27336430147901,5.46903368902695,6.85139350556473,6.70637534143549,6.1287367485144,7.69557711355831,6.54575685474739,6.95411511069929,7.48125658908387,5.92185331040665,6.03535356765532,7.55385609449365,7.63118422767828,6.10793985462777,7.65800838362365,6.62309614014508
"25",6.06734624770495,7.10068623117112,5.95418348565007,5.74150016766565,6.79184682910398,6.96276395109175,7.90021611285858,6.32277212012026,5.60308953904505,7.34162315239339,7.26607902553412,6.96656983213039,6.67106764243844,7.01591309886317,6.29380191017983,6.26398668940601,7.67846011607152,7.32518706897917,6.87341334366657,6.72057587629804,7.03376030373656,4.85940379651883,5.19521813779844,6.15174815790108,5.41128681122896,6.87397640389603,6.73514618145126,6.14969096893666,7.86253258344394,6.37652244912814,6.83774494029818,7.47456095745282,5.82262924184355,5.97128686807829,7.6106041238388,7.55919995728056,6.10649005974968,7.53839838483817,6.50067432862437
"26",6.14634038465924,6.96477563362379,5.8993020669337,5.79549985857673,6.59818615671419,6.85959260607899,7.78443313620786,6.22508144486415,5.68894219397066,7.01857364714265,7.10750398956753,7.06513361325228,6.56397311181954,7.30991782560027,6.13732318914033,6.35666539983797,7.80685287122995,7.54706940046678,6.78303489923806,6.64877607183544,6.89348260137729,4.8097103336676,5.17687184275104,6.04298739312605,5.37687839713584,6.89272657125317,6.75898860463736,6.15524838093118,7.98892934399279,6.27444719490549,6.7168779625525,7.4549236706396,5.73799366486504,5.91471443378384,7.62547534806387,7.46827243118324,6.1353828977376,7.4293028381877,6.37969636100164
"27",6.28867007010176,6.82433620590723,5.85884084971036,5.87168434131811,6.39639912905636,6.75126830057076,7.63008144461418,6.1694281544837,5.7794579574968,6.72578449687804,6.93675073024515,7.14995237976449,6.47917274231091,7.57288109496048,6.02496537510713,6.46694827823096,7.90211211655652,7.7478760847557,6.69933672471677,6.56367949961202,6.72261601876973,4.84296538058832,5.20378806030335,5.94950271698785,5.36980637963805,6.90611997834278,6.77380374005418,6.13996145497416,8.0625538862192,6.24449189687444,6.6004284051295,7.42556387009742,5.67416572603645,5.86847818273427,7.59584743819575,7.35695376047431,6.18669149997506,7.33567314910528,6.26383882403593
"28",6.48526635137402,6.68172709912187,5.83500088131021,5.96796199687145,6.19423455972642,6.63927169213872,7.43775558155987,6.15429159988317,5.87173336852295,6.47255979695626,6.7623539081008,7.21772332710458,6.41726754278745,7.79315080382853,5.95877327467056,6.58619425112759,7.95721636141918,7.91852353061141,6.62437579697663,6.46908601120081,6.52679080403313,4.96460341806094,5.26239851938337,5.87206743846594,5.3913434792804,6.91366640564671,6.77650016053959,6.10057247297364,8.07739969940752,6.28481204173582,6.49615272740836,7.38865887264999,5.63498611415524,5.83305051920572,7.52315393579193,7.22601157115337,6.25241568638236,7.26028664363079,6.15585633604632
"29",6.72366008242797,6.53908976264157,5.82726158077358,6.08056296418787,6.00005912287021,6.52495388539426,7.21191682017548,6.17538126850631,5.96106011032039,6.26611600586669,6.59085717673517,7.2658886855904,6.3772253986849,7.9612716732025,5.93563619137349,6.70574223650594,7.96890425213417,8.05036968833714,6.55895460505555,6.37011490212726,6.31393719215343,5.1694270467918,5.34150590577261,5.80980498676956,5.44002741397857,6.91590520990674,6.76499578080965,6.03602354292427,8.03368715002359,6.3867457668268,6.41063487596962,7.34532917872157,5.62190276812889,5.80652909617793,7.41289128595324,7.07843144889397,6.32449682283949,7.2037400895538,6.05757434881296
"30",6.98798192382619,6.39834794411378,5.832380738851,6.20403914018801,5.82285735318346,6.40953643198864,6.96089316323991,6.22563678433636,6.04092501053223,6.11158194523142,6.42681318281585,7.29263572042011,6.35638107199987,8.06998524819389,5.94728792571145,6.81691114377978,7.93767457196606,8.13521404977396,6.50262115015558,6.27320491186948,6.09428540498332,5.44160698741374,5.43228386210605,5.76018891133769,5.51166089901916,6.91440532412451,6.73821785745869,5.94745659890716,7.93786348171474,6.534813860121,6.34928628459534,7.29563847233707,5.63397087697498,5.78463681533436,7.27461883732388,6.91941693904368,6.39481782118615,7.16444969641366,5.96988914757712
"31",7.25900046216123,6.26120704981586,5.8444161622453,6.33127917082485,5.67221077363619,6.29411098451696,6.69684571391021,6.29525220629793,6.1030368377588,6.01199264630519,6.27279379879545,7.29689844911212,6.35045038524078,8.11423746577617,5.98035256681082,6.91101204505434,7.86776602014528,8.16531702262045,6.4536791854452,6.18609203462815,5.8803340269772,5.754767610948,5.52827267165533,5.71906017522102,5.59933322337347,6.91175277837103,6.69610154576431,5.83820272179657,7.80255800412498,6.70678366072414,6.31633785893568,7.23860474528524,5.66786331429864,5.76075176064037,7.12192325990026,6.75637152247676,6.45521728165981,7.13866526406551,5.89277520040415
"32",7.51595743519684,6.1291233495941,5.85576771616731,6.45423018230931,5.55729301854761,6.17962263403759,6.43414962477858,6.37284585294409,6.13861639904295,5.96799309525096,6.12988276791511,7.2784403261039,6.35421309498339,8.09154299722684,6.01854909156667,6.97993414928884,7.76618369086522,8.13433268961935,6.40968120212729,6.11674123882243,5.68532748341688,6.07610472591638,5.62517145795324,5.68145972939353,5.69445902191057,6.91094990038782,6.63952041836083,5.71326799428947,7.6444246987321,6.8767454907312,6.31445408549838,7.1727358599449,5.71837299681674,5.72734832353002,6.97070547246146,6.59803085924589,6.49817036784696,7.12115135266018,5.82563898665123
"33",7.74110733922135,6.0032278022941,5.85975491764698,6.56568305328525,5.48438417306675,6.06682869381116,6.18538921836142,6.44835397726095,6.14158772110419,5.97710541835065,5.99889430939428,7.23805877112557,6.36320204583015,8.00288648448934,6.04814465439564,7.01759426621098,7.6402909746771,8.03961607885795,6.36864787828418,6.07070397166928,5.51948993515986,6.3765713240753,5.72032417041408,5.64368796604878,5.78934777919852,6.91392918001314,6.57011459644077,5.57806171346342,7.47880569517826,7.02272250775395,6.34377849281364,7.09735431587069,5.77965551688277,5.67956196580483,6.8349431914477,6.45231630910615,6.51847301690143,7.10687222264442,5.76819422599385
"34",7.9209363775348,5.88430560181627,5.85130905562721,6.65975178554311,5.45620333832748,5.956287632154,5.96028262056611,6.51380775909258,6.10943492742838,6.03353211091708,5.88070033108054,7.17764008794765,6.37415673202985,7.85296453482465,6.05941887231121,7.02032600778475,7.4971629501109,7.88284269832752,6.32939551806115,6.05040861195944,5.38901402635646,6.63361259654995,5.812581564236,5.60385771080495,5.87789377745084,6.92115422085705,6.49024460056259,5.43805489794296,7.31829833953183,7.12871405746346,6.40167734431795,7.01295296827254,5.84556280681461,5.61614640866022,6.72555311567535,6.32575857155551,6.51369417369972,7.09144426487301,5.72069688974174
"35",8.04617161292139,5.77279602353727,5.8269783877462,6.73187710337398,5.47190362001505,5.84835898934042,5.76567368630319,6.56333913918713,6.04320867212777,6.12815455983826,5.77623288632521,7.10015987673818,6.38502670304401,7.65018753782754,6.04667481950538,6.98688271052886,7.34358152861736,7.67001318769744,6.2915385102429,6.05515514242317,5.29605329146369,6.83118646969802,5.90230016407709,5.5618983748457,5.95558127699935,6.93161674404776,6.40299100413946,5.29877772380102,7.17274443512196,7.18471101609891,6.48273771387234,6.9211976989272,5.90964564421248,5.53948081973754,6.65038238305272,6.22349335823693,6.48417918644036,7.07113939767935,5.68394696542081
"36",8.11178096764989,5.66879242431031,5.78492814033774,6.77882645356985,5.5270721283662,5.74320337760293,5.6055319994865,6.59318081919704,5.94752613994132,6.24853304357782,5.68648417398358,7.00968303406315,6.39497156354729,7.40667966542685,6.00823902734909,6.91843743551708,7.1860354545682,7.41145331831535,6.25548932825368,6.0811151497305,5.23872215524549,6.95976360511,5.99134226405572,5.51955595492046,6.01948451629446,6.9428365882317,6.31215443343951,5.16581952455933,7.04923024253874,7.18669579046789,6.57876748576274,6.82492741617842,5.9651536519592,5.45556981312431,6.61420857058024,6.14926139293861,6.43304980664414,7.04288506687576,5.65928845677341
"37",8.11695113382483,5.57204350143531,5.72493186702378,6.79869255304247,5.61377518893138,5.6407899891251,5.48096370423678,6.60165807952496,5.83052093731715,6.37898076081067,5.61250125018002,6.91134347652181,6.40433821423069,7.13821088110337,5.94641751662488,6.81856358226981,7.03070898574569,7.12174449404722,6.22243867180791,6.12137868650122,5.21114297539245,7.01629279154729,6.08302339140612,5.48035604195945,6.06824988556022,6.95088878165148,6.22223019982027,5.04481126502078,6.95208688984191,7.13659238278222,6.67884545276215,6.72812628845553,6.00506321956863,5.37397725623029,6.618744235636,6.10539643142605,6.36616149471671,7.00426260235257,5.6485905444485
"38",8.06444456924575,5.48198993983224,5.64811990733637,6.79085111169272,5.72187437562392,5.54111514504351,5.39052678870722,6.58895060627635,5.70238447973137,6.50271871847901,5.55523209390693,6.81075391921157,6.4139983578911,6.86221780679075,5.86621594663313,6.69267058154787,6.88315239547733,6.81770071104128,6.19377741331077,6.16731837027486,5.20481539883405,7.00319354425615,6.18058303420615,5.44852704460963,6.10157702249844,6.9511915790539,6.13766987339402,4.94091537479046,6.88290231326945,7.04081283573516,6.77077961284279,6.63511549408715,6.0228902613849,5.30589946444244,6.66276910755651,6.09247653260059,6.2908606342182,6.95345938058608,5.6536991954688
"39",7.95937611800815,5.39783413693671,5.55650080420083,6.75588039595999,5.84153039462704,5.4446181066836,5.33083094395231,6.55663934332292,5.57259083583503,6.60597562086923,5.51523273149994,6.71288292049125,6.42408803880499,6.59403822510183,5.77290457143791,6.54693024470702,6.74765507014058,6.51451952225426,6.16999679333071,6.21118471761686,5.21122169846155,6.9264394248603,6.28427504861666,5.42695151480162,6.11923154520083,6.94000578036856,6.06147635340388,4.8578551057545,6.84054397562377,6.9074916995371,6.84388172386563,6.54901544484805,6.01423656997798,5.26049926211304,6.74238159528013,6.10866056715731,6.21362000827237,6.88917780904622,5.67539379564121
"40",7.80896679124593,5.31855423564213,5.45286498366756,6.69554504005609,5.96370701999809,5.35226476238148,5.29665829246543,6.5076152910379,5.44933819523237,6.67881301972176,5.49260829205044,6.62182887424827,6.43375396044485,6.34615322933795,5.67152815914003,6.38806067908427,6.62711933778297,6.22500737453231,6.1504670722147,6.2466284851337,5.22235112728562,6.79517228731489,6.39078206967692,5.41675382831878,6.12084635322568,6.91473648593784,5.99492110988333,4.7977191790431,6.82116343861013,6.74592943641167,6.8895257148113,6.47143629065722,5.97710103765491,5.24416816992164,6.8510494061703,6.14955468227642,6.13956291183842,6.81061700825583,5.71317715975848
"41",7.6225431013314,5.24290416224603,5.34078449445281,6.61279600218918,6.08017245635793,5.26554785378118,5.28096371464005,6.4460792596793,5.33954735815706,6.71512754551456,5.48701284801368,6.54081939875232,6.44115279949851,6.12818517419101,5.56690466665255,6.22332570368484,6.52306012694289,5.95957751384928,6.13343693154125,6.26870208193229,5.23070133633935,6.62170123479122,6.4932139278161,5.41729906984656,6.1059210902973,6.87393391249155,5.93754341905095,4.76096125677753,6.8181963752005,6.56659091550894,6.90114919577673,6.40247708267339,5.9118804980321,5.26052440976011,6.97960968289351,6.2082119405312,6.07246186486574,6.71747276225719,5.76527496376713
"42",7.41153706187511,5.16941362644998,5.22461300793878,6.5117705645638,6.18349933889096,5.18648697583435,5.27487484876973,6.37754186938973,5.24886173547205,6.71265090746293,5.49764941520882,6.47221133665534,6.44345120586893,5.94689767574351,5.46362523970059,6.06053484918192,6.43560496664935,5.72624998530668,6.1160334741204,6.27385956961975,5.22927837467813,6.42150261967665,6.58110764885332,5.42619303297241,6.07382214430586,6.81729339314682,5.88715036331027,4.74639994207002,6.82236256963359,6.38110541290531,6.87425345797494,6.34072577329493,5.82136972603516,5.31041290473252,7.11626900341926,6.27513231988789,6.01473861229378,6.60993751861195,5.82863574476714
"43",7.18936100075809,5.09642056153867,5.10944814317771,6.39774899618066,6.26712081003316,5.11757796402784,5.2677792927513,6.30876402265063,5.18158348140265,6.67291350957825,5.52325290739292,6.41746105197627,6.43686778197922,5.80618039727001,5.36602147895859,5.90797871173729,6.363515665091,5.53067401124563,6.09429119302561,6.25995892645217,5.21166016579252,6.21304182190145,6.64060367535959,5.43930571093471,6.02380448903857,6.745641937102,5.83986208053527,4.75124533917466,6.82179185339004,6.20214064143113,6.80642618673944,6.28329069462011,5.71071573934135,5.391900312569,7.24675400661016,6.33835992256367,5.96746447954558,6.4887148789742,5.89894309984324
"44",6.96902399908814,5.02268878569072,5.00041413461577,6.27632941213759,6.32639822013828,5.0608292267166,5.24898492533104,6.24662349924896,5.1394574601709,6.60055170007741,5.56176559118867,6.37655888441129,6.41747236913055,5.70675937075308,5.27754218698981,5.77319808913558,6.30460107167265,5.376554070704,6.06370354223252,6.22630515674524,5.17320509910158,6.01437990660924,6.65780112303865,5.45121856070008,5.95542755094231,6.66068232607906,5.79097331088539,4.7716047590036,6.80442192733909,6.04100427740284,6.69777391733593,6.22639990862129,5.58654769741187,5.50018046177486,7.35717930486447,6.38533383259069,5.93036714112439,6.35529549973545,5.9708479519201
"45",6.75962886224998,4.94831575530022,4.90160759614835,6.15221509574849,6.36019028651192,5.0163454794299,5.2101600170505,6.19644923403612,5.11988408803947,6.50228966220641,5.60986011454388,6.34719798835781,6.38236072824281,5.64577126744057,5.19983739694455,5.66117502700635,6.25632369770109,5.26627609217925,6.02003355899496,6.17371364713443,5.1128282508736,5.83818655808197,6.62368887333406,5.45588182995614,5.86916639267792,6.56461702260511,5.73621957937079,4.80322593527887,6.76152234968996,5.9041190157448,6.55155759881078,6.16628204928651,5.45569814721502,5.6274353747384,7.43826234617893,6.40560825073712,5.90184056816318,6.21236257270247,6.03830990205039
"46",6.56592069585593,4.87482710856631,4.81594706796627,6.02903409848691,6.37099920983879,4.98216041208099,5.14570469505868,6.16176923919791,5.11576299377181,6.38672218368355,5.66288353836097,6.32473478521915,6.32981977634048,5.61679298996644,5.13268287449801,5.57408418814409,6.21588209485401,5.20104111421889,5.95947128188537,6.10448352297287,5.03320308659428,5.69105755128561,6.53487266251457,5.44678370556427,5.76650444319952,6.46008468393687,5.67198865667659,4.84162517309072,6.68822452660596,5.79256685641524,6.37426444242121,6.09934611631267,5.32497624106814,5.76290099842158,7.48588525512551,6.39128982699914,5.87900342360052,6.06385489992341,6.09469021734615
"47",6.3893653328682,4.80454468579272,4.74526820940644,5.9093334845741,6.36360618444778,4.95491116155554,5.05289560497367,6.14423541707727,5.1172054003241,6.26327632957877,5.71509055361051,6.30350640613071,6.25918371818568,5.61129973640151,5.07493052254258,5.51160594217133,6.18009017853787,5.18150472930125,5.87921626929086,6.02183121726842,4.93978736052216,5.57442372260969,6.39349684357583,5.41807473797988,5.64996482820227,6.35003993510673,5.59568955058459,4.88236720514342,6.58362888022972,5.70315125494018,6.17525427517402,6.02295177266582,5.20058733294706,5.89422419513601,7.50009085862226,6.33756406684856,5.85859339840518,5.91501210353697,6.13341664546129
"48",6.22954361041138,4.73976956702623,4.69044694444219,5.794572009853,6.34330755573298,4.93071024836014,4.93207265788107,6.14352653820117,5.11374766113309,6.14086943764225,5.75994497573486,6.27853365141074,6.17064797285684,5.62054968222089,5.02573692890012,5.4713312300216,6.14522118657182,5.20860354472415,5.77823046265962,5.92915831634484,4.83956385592493,5.48572635806877,6.20714277825549,5.36602116729606,5.52315080719133,6.23759800456872,5.50622932752795,4.92142685136313,6.45094302694831,5.62977036283481,5.96630236738414,5.93640491736964,5.08738289435303,6.00921675294708,7.48378457488933,6.24337547985155,5.83812319704779,5.77243302288525,6.14884269633913
"49",6.08444476498768,4.68262936344493,4.65142260084968,5.68513242772113,6.31559774609533,4.9053183715865,4.78661361955683,6.15739252168623,5.09477378772523,6.02773599298442,5.79021499103163,6.2457756898926,6.06520637910236,5.63592161088404,4.98475213455306,5.44891281095767,6.10703641772019,5.28360248884483,5.65731505171829,5.82997869102449,4.74077375434657,5.41868742531361,5.98862380909118,5.28923976812215,5.39069016454475,6.12602030518783,5.40403630753118,4.9552402478686,6.29743792766339,5.56372193020085,5.76147615796019,5.84108989522271,4.98874284377097,6.09618555033834,7.44242074753651,6.11146669889728,5.81607878876526,5.64403690009434,6.13640288583621
"50",5.95199575479682,4.63443360798241,4.6272966540772,5.58049478883234,6.28494289605545,4.87496086930224,4.62229155246581,6.18239526405095,5.05137682332859,5.93138661469414,5.79872034189142,6.20264057206376,5.9441375225961,5.65021002049375,4.95255371048404,5.4393743406958,6.06142043286189,5.40734334402458,5.51886819105509,5.72817876276299,4.6515138401179,5.364898660955,5.75346882383644,5.1893624592497,5.2574398914261,6.01878333339589,5.29057284224765,4.98077578740298,6.13364442679004,5.49541822173957,5.57627926484927,5.74054937017086,4.90627884491238,6.14534665611542,7.38204833912903,5.94776250874169,5.79259804154679,5.5384582052106,6.09322034130375
"51",5.83179995868969,4.59494089775475,4.61644498936507,5.47943346985798,6.25338661830939,4.83725595673623,4.44654427268745,6.21475090716914,4.97847504449634,5.85856145047353,5.77918181447469,6.1485656147006,5.80842073223235,5.65909752860993,4.93114024842235,5.43859868689897,6.00510323336019,5.5793903708931,5.36660952890902,5.62831341948094,4.5781416504351,5.3156282216716,5.51706126063411,5.07179188878124,5.1275819686536,5.91965700506077,5.16778137206238,4.99561476683204,5.97243977552142,5.41633572204709,5.42667829784763,5.64057511766607,4.83949699256501,6.1504330228368,7.30708905578882,5.76066952109145,5.77024225711261,5.46435859719226,6.01879758790096
"52",5.7253798930046,4.56231800467435,4.6165795149415,5.38010682102364,6.22045882655274,4.79132865577964,4.26829056348172,6.2505171401409,4.87503498178735,5.81523628988844,5.72637951359019,6.08503314191046,5.65871272054766,5.66135021010136,4.92398033859744,5.4436034684998,5.93582604179281,5.79792073664978,5.2055140588671,5.53568127146565,4.52504619933998,5.26217524669931,5.29418812155813,4.9457175513369,5.00454661257775,5.83264952966116,5.03800907201416,4.99795512769279,5.82880333905232,5.31932841463596,5.32883529966403,5.54919697139357,4.78582300972738,6.10893012717694,7.22008745441912,5.56091986904549,5.75403843386269,5.43026092861613,5.9150932450504
"53",5.63678957114751,4.5335573344751,4.62529305945611,5.28081013092515,6.18382276252131,4.73796556950853,4.09677302787527,6.28665680454808,4.74402039599028,5.80674496155575,5.63688862742258,6.01505682634799,5.4957817213073,5.6592239126111,4.93596734247371,5.45381075911858,5.85331028517038,6.05953026969919,5.04141047312748,5.45680228812893,4.49401324037469,5.19763210699925,5.09746473937994,4.82339893992772,4.89123800390906,5.76130832582456,4.90383447680564,4.98655716633173,5.71821035776068,5.19976662680892,5.29731623894452,5.47645379623761,4.74127858381399,6.02276551641404,7.12159142469841,5.3606805900227,5.75103114732669,5.4435375027406,5.7865482310734
"54",5.57322686002046,4.5048943874055,4.64060427002967,5.18072859168137,6.13992202631523,4.67976965538272,3.94040094139611,6.32210149861169,4.59234124992131,5.83790172997281,5.50981519135101,5.9426680294195,5.32094162892127,5.65887056862668,4.97337416386503,5.47231678748535,5.76022657717877,6.35903921535724,4.88057951588191,5.39989543341678,4.4835905321643,5.11864665294702,4.93575954757992,4.71944869463294,4.7902600179897,5.70802093602441,4.76789410634682,4.96068924414598,5.65502570775399,5.05667587168979,5.34329950300814,5.43416445928693,4.70115770431206,5.89899835207433,7.01003267514584,5.17266300866549,5.76983442793276,5.509398330476,5.64011196614261
"55",5.54494542138459,4.47194203357697,4.66108392091607,5.08006235251834,6.08423413571823,4.6211352849203,3.80658209374644,6.3578236299885,4.43061210469543,5.91296996043971,5.34685897308082,5.87282535175283,5.13622073232341,5.67017713663069,5.0437321487771,5.50585305422835,5.6622581283151,6.68949505142266,4.72970040894881,5.37481248309634,4.48916602082639,5.0256216145137,4.81408374802984,4.65051327826595,4.70399109437994,5.67387163255137,4.63286321979969,4.92014238202916,5.65219299492285,4.89275178891202,5.47427803804814,5.4357110533295,4.66020430149915,5.74975654788432,6.88190427659074,5.00996393638077,5.8203927033677,5.6307154927409,5.48514243878156
"56",5.56391869663199,4.43058589428598,4.68656855052141,4.98055266445504,6.01308071294366,4.56788562128467,3.70113751635915,6.39660738917011,4.27094941812265,6.03526741379666,5.15227626759092,5.81100792633022,4.94556331063399,5.70492513032948,5.15474362167977,5.56335194147151,5.56787134125268,7.04236280517261,4.59569226122872,5.39201920188897,4.5042309612857,4.9230789454658,4.73389685721994,4.63291047402429,4.63508943367731,5.65789925876051,4.50142342415927,4.86541179996531,5.71970187733976,4.71353665426261,5.69280450112353,5.4942173946453,4.61369194876858,5.59106974237757,6.73351200845542,4.88534215514398,5.91213732587235,5.80724547124807,5.33245513335298
"57",5.64266475602128,4.37777189108309,4.71878814923084,4.88594465434582,5.92521967235167,4.52695365352651,3.62778669898662,6.44284728663185,4.1250340991298,6.20681906382756,4.93284716526452,5.76285768726338,4.75588651482582,5.77517175899851,5.31332535999107,5.65468502662039,5.48811400480011,7.4076924487921,4.48557457346743,5.46169918489143,4.52149094182519,4.81998025224575,4.69337547313726,4.68055137729643,4.58693735226678,5.65644447511572,4.37623417854097,4.79785659501716,5.86323997001969,4.52669504892172,5.99538755424046,5.62094685577418,4.55837354168367,5.44184278094619,6.56251479952074,4.81058202393153,6.05236509251595,6.03494514690127,5.19348647538615
"58",5.79385466429443,4.31158290539884,4.76138894536076,4.80198215629621,5.822038895881,4.506232614356,3.588127630397,6.50237955562486,4.0037684935764,6.42822283940771,4.6978114530014,5.73410597516996,4.57715195202237,5.89276819994017,5.52529698443129,5.79019985439936,5.43635970698133,7.77412399314296,4.4064209791977,5.59338795785076,4.53316144495165,4.7294588770616,4.6875866737374,4.80452723242511,4.5636814356801,5.66329289838682,4.25988731464629,4.71972755574605,6.0840572578497,4.34182361449281,6.3725363934072,5.8248896086389,4.49263124581365,5.32344977711817,6.36817244589488,4.79633691191483,6.24592178170429,6.30599980692861,5.08003823232208
"59",6.02792915596009,4.23136920839214,4.8197349007589,4.73608793606922,5.70812538041159,4.51358739223374,3.58178955582556,6.58127261764647,3.91573642067185,6.69779902392257,4.45838232060053,5.73020977710311,4.42229368759981,6.06653251762321,5.79349759223212,5.97782358630102,5.42641177173405,8.12882678984318,4.36507814650382,5.79362462944043,4.53263138182426,4.66651167905637,4.7096948821445,5.01110041603808,4.57028165831325,5.67119860384956,4.15456517897284,4.63429048353988,6.37870837828621,4.16938582002628,6.80977762413104,6.11046996629517,4.41708776019734,5.25714826319094,6.15237258874189,4.85127682508751,6.49368132001996,6.60945658004245,5.00276399616904
"60",6.35125464832475,4.13784936741568,4.9007540070129,4.69711620943593,5.59170543947917,4.55608963539905,3.60655123397579,6.6848912279304,3.86601182272676,7.01093216647091,4.22737003880804,5.75607027872258,4.30716232719268,6.30006245021916,6.11632865303705,6.22082217253499,5.47103618693259,8.4574526589084,4.36794823904698,6.0641350191589,4.5157501095871,4.64621304040693,4.75189569304162,5.30015018010801,4.61254929938515,5.67306288294229,4.0617761430392,4.54592159908166,6.73885333035958,4.01988778830693,7.28844215912614,6.475772669888,4.33507917378769,5.26207842937026,5.92042517619214,4.98142888277125,6.79136922529014,6.93171462883678,4.96999818935267
"61",6.7657837948767,4.03311388678056,5.01267314660927,4.69516895122338,5.48443088516088,4.63983375419277,3.65849668880316,6.81765867082023,3.85618603037726,7.35999713372901,4.01896528322139,5.81597052440683,4.25009516570354,6.5915480029519,6.48761110197526,6.51756292824564,5.58153209751507,8.74430426118837,4.42084593014817,6.40160170137184,4.48093573338438,4.68315632353532,4.80572649391264,5.66513583334466,4.69698026638351,5.66218764908801,3.98231938149912,4.46010995481428,7.1514292586354,3.90372835355097,7.78608086916097,6.91246254877894,4.25258378525765,5.35473753043433,5.68098317236432,5.1899788262586,7.12957691051638,7.25681499720619,4.98757932455871
"62",7.26755952691407,3.92060647378062,5.16329805246279,4.74046467606047,5.39975007438992,4.76902544596831,3.7330136324051,6.98185613807709,3.88506213630049,7.73414312336774,3.84744096504026,5.91327615980225,4.26904475306379,6.93344674365612,6.89624738765702,6.86087590590641,5.76546763640941,8.97348932116241,4.52812852984973,6.79689393417316,4.42935287982224,4.7884572558455,4.86375843694206,6.09351503111381,4.8296161349727,5.63347701639274,3.91616100736046,4.38343278513347,7.59989299578972,3.83054238949143,8.27892700396203,7.4060037369539,4.17753993618713,5.54629728096991,5.44516788867649,5.47621674457384,7.49436241069626,7.56818283453045,5.05816150523207
"63",7.84569728770948,3.80511123472195,5.35884253744432,4.8425683530173,5.35179892152403,4.94536151989529,3.8254730541137,7.17680578190162,3.94912784931691,8.119146973164,3.72626852497318,6.05023169076297,4.37962421763259,7.3122634798946,7.3259921045918,7.23761996136955,6.02513911626653,9.12970655800171,4.69210398434586,7.23454418772722,4.36503348836184,4.96771492517495,4.92074783820302,6.56702901498808,5.01526873759578,5.58425488553023,3.86234993582506,4.32353859422468,8.06506694346708,3.80875390442567,8.74357203498936,7.93580957839725,4.11938150105799,5.84077834068338,5.22597331843017,5.83481965688621,7.8676597581057,7.84981305869945,5.18074617748704
"64",8.48242742404963,3.69270911042389,5.60356080025642,5.01007065626304,5.35488928506776,5.16801129417501,3.93144120881076,7.39882052259231,4.04286888459424,8.49761113877695,3.6677737220201,6.2278609351388,4.5943475750001,7.70900301859919,7.75588112620254,7.62911767467684,6.35733698856285,9.19871323989834,4.91291363866296,7.69310307186719,4.29475429894936,5.2208881966681,4.97379712065039,7.06218783305132,5.25715464888059,5.51430591254568,3.81912287177483,4.28904082247023,8.52549997005474,3.8454872111894,9.15731115266797,8.47581215037171,4.08875374146859,6.23480825078772,5.03784558335837,6.25576911725613,8.22777106058041,8.08648648638832,5.35082857845604
"65",9.15364851243789,3.59053025630002,5.89797967860381,5.24896974386705,5.42089162806954,5.43369724293058,4.04769738915075,7.64116198872039,4.16043482296014,8.85015111715362,3.68141741534078,6.44545409712237,4.91883663029153,8.10185079643462,8.16277857875629,8.0137977638483,6.75246188890544,9.1697861205236,5.18803491375243,8.14734708972907,4.22729295087716,5.54220049932819,5.02293483961164,7.55298507789796,5.55502014508102,5.42586412655363,3.78453592381736,4.28890909993942,8.95929443091451,3.94618960810881,9.49962972593838,8.99770472541286,4.09601374775726,6.71677748888289,4.89443564768143,6.72409306599668,8.55208319224244,8.26465807112604,5.56138517417168
"66",9.8292603063166,3.50660549864784,6.23784134948208,5.56170246190756,5.55766847541568,5.73674333738217,4.17284263749878,7.89401597114686,4.29663604803492,9.15610724199461,3.77276673344298,6.70026067772412,5.34955191847668,8.46777818753958,8.52290212408451,8.36877766284526,7.19399719833901,9.03719382115302,5.51198381709007,8.56960162465885,4.17298211282814,5.92008412829564,5.07146189322482,8.01252369686727,5.9040194846753,5.32360573837226,3.75684296855892,4.33210413342124,9.34520009561176,4.11440531292908,9.75309291212118,9.47288334271772,4.15033253907502,7.26633614293778,4.80725388708009,7.21971279649654,8.8186943718567,8.37298854050565,5.80346491461564
"67",10.473892982194,3.44970789963623,6.61413597899196,5.94683092609919,5.76871722581198,6.06911268171627,4.30727222848907,8.14471887399313,4.44712633614039,9.39411096635562,3.94332106635912,6.98738589958361,5.87372009397575,8.78323521966647,8.81248695955329,8.67060419742827,7.65899124733129,8.80032949435769,5.87631019991246,8.93063080922438,4.14337621668444,6.33764426477047,5.12567965036827,8.41374599009241,6.29465831379885,5.21450751243839,3.73470299366934,4.42721243861077,9.66301520656295,4.3516384486769,9.90352149327461,9.87321378367079,4.25935099133071,7.85494294564015,4.78522486404971,7.71795326481242,9.00699626912721,8.402467345466,6.06641606134556
"68",11.0504601092487,3.42859705504949,7.01348887658449,6.3976911557376,6.05172843733766,6.42058425134028,4.45290944270994,8.3788882238747,4.60909811891689,9.54474743949325,4.18986623386742,7.29934134199707,6.469455788938,9.02725136013778,9.01076092965597,8.89859752925847,8.12056569726125,8.46405685452194,6.26963747151351,9.20377806539148,4.14969022577846,6.7749766475058,5.19346530863585,8.73271529766928,6.71275104771289,5.10714451351028,3.71812994805425,4.58070890612387,9.89534673205305,4.65672027735936,9.94067640958694,10.1744298397613,4.42766106477738,8.44870062231594,4.83276110381714,8.19211149063086,9.10022061979278,8.34691053369069,6.33888757470609
"69",11.5220316552293,3.45162085735735,7.41836666366582,6.90168349427092,6.39782925258903,6.77884645865562,4.6130637624614,8.58101889007068,4.78164704404269,9.59195734112662,4.50413725496766,7.62580940703562,7.10583213319514,9.18306622732736,9.10150942196073,9.03660958574916,8.54923897776531,8.03888925156034,6.67768431459145,9.36714482334452,4.20197711838598,7.21038809218714,5.28352073557589,8.95034227061292,7.13940162041585,5.01131956971913,3.70899186664232,4.79604166616226,10.0285365204143,5.02547587154436,9.85861898745307,10.3579206139369,4.65600713376269,9.00985255048375,4.94875083088163,8.61481067028845,9.08677808940478,8.20322280231932,6.60935606025555
"70",11.8530744566925,3.52648199354574,7.80764988993436,7.44039460725358,6.79180741174646,7.12964224211434,4.79203024451875,8.73493131551457,4.9656016559617,9.52358964864937,4.87327420771271,7.95377248788566,7.74424799802295,9.23838568566132,9.07337949773155,9.07326667132156,8.91403473009814,7.54040558348583,7.08344292782145,9.40418515154012,4.30869085964594,7.62093590652597,5.40484650004617,9.05274513960181,7.55166708564768,4.93774792291073,3.71100412263001,5.07319029285928,10.0528979042263,5.45055479832423,9.6558160237749,10.4110414165845,4.94117239501949,9.49818602167657,5.12655556786024,8.95892612139817,8.96038258506737,7.97148497569522,6.86627475992264
"71",12.0145030779937,3.65929392503078,8.15906171226734,7.99022608717057,7.21318489366137,7.45737834582277,4.99338995097724,8.82560847885108,5.16273817696662,9.33356867501318,5.28182966723995,8.268102429869,8.34428920744343,9.18624106077596,8.92095510550414,9.00275193418327,9.18704675698953,6.98671551938192,7.46794128316639,9.30593795871156,4.47493093627387,7.9845643373715,5.56459392496009,9.03254220518615,7.92541028510893,4.89675762865954,3.72962681235584,5.40690352894864,9.96359515727027,5.92075316987088,9.33553792425952,10.3281852209298,5.27560887869285,9.87683773051918,5.35414916515517,9.20136196798819,8.72038758556129,7.65529101651345,7.09863565156107
"72",11.9860140086138,3.85414347948116,8.45029361921147,8.5226929707817,7.63672028615489,7.74541003694982,5.21922274503334,8.84004683315461,5.3754146512925,9.02289150266771,5.71270089272727,8.55183683071223,8.86644365135081,9.02538325238068,8.64525090833004,8.82516326380319,9.34554955643656,6.3972853238994,7.81059974689665,9.07205348907832,4.70163201053944,8.28109251284881,5.76707204421333,8.8894449006839,8.23662297852726,4.89768687633364,3.77201442956225,5.78588847320438,9.76104733797522,6.42070325242438,8.90604075287611,10.1112733810922,5.64726976213251,10.1149787329176,5.61418741695517,9.32479563574138,8.37193794987733,7.26190130361748,7.29622947123019
"73",11.7567140866838,4.11282157163245,8.65975217153218,9.00556937179454,8.03336799454804,7.97653586821473,5.46966042328126,8.76775222157377,5.60607691525575,8.59935980117842,6.14797520764182,8.78677013121263,9.27368564980588,8.75999492430545,8.25343711848513,8.54611644571533,9.37268533685076,5.7922553007024,8.08990558608344,8.71039292768891,4.98546835352062,8.49256113643467,6.01342794212701,8.62985299980931,8.46242027613146,4.94844467406043,3.84661642707036,6.19307118158571,9.4506930833263,6.93117743004513,8.38035664113244,9.76929722087273,6.04000283937237,10.1888054032511,5.88473988462155,9.31803359845541,7.9255292927017,6.80195585614885,7.449749521647
"74",11.3272262392818,4.43386420770147,8.76922719034044,9.40712584408167,8.37380065031643,8.13481196842217,5.74130144358557,8.60250143128517,5.85545520831215,8.07648039423258,6.57198511025129,8.95562757178932,9.53710416309886,8.39857872855291,7.75776477869978,8.17523088186487,9.25981053683389,5.19001556706284,8.2858895551935,8.23543355538236,5.31857948444506,8.60442439764101,6.30055605521687,8.265287047354,8.5846115847826,5.05393512394559,3.96169439568354,6.60664906321555,9.04207379987182,7.43025171995968,7.77549473515927,9.31656104520122,6.43503306756381,10.0849602665368,6.14200889445369,9.17716080544891,7.39535138682836,6.28839066743965,7.55115216361426
"75",10.710529624782,4.81216326372266,8.76497564619546,9.69785714505399,8.62984701504052,8.2062917782197,6.02657267044682,8.34305341761826,6.1218316590884,7.47300941245223,6.97253491623945,9.04295168515742,9.63818024338574,7.9535023964815,7.17512341559977,7.7255121507592,9.00743825055466,4.6062245234154,8.38113611692762,7.66761156326849,5.68846432758036,8.60603576983637,6.62065947621528,7.81174489197476,8.59114735055195,5.21541900940252,4.12471487624499,7.00053198739439,8.54845686936394,7.89378738483033,7.11210905363051,8.77196204704602,6.81157124717084,9.80190790184613,6.36144081736762,8.90599806572687,6.79861220544536,5.73599380566573,7.5938032095893
"76",9.93097022518992,5.23882026781729,8.63821594644883,9.85184859875624,8.77577778277079,8.17960818605992,6.31395306619404,7.99308108938037,6.40071258976174,6.81191469119047,7.34016320404386,9.03580989036345,9.56902745908667,7.44049675377193,6.52632078222455,7.21286371939561,8.62469754706576,4.0536538614642,8.36161864995109,7.03218465325446,6.07843730243646,8.49101448170991,6.96144323052841,7.2888077454782,8.47643078263743,5.43037449387424,4.34163850485906,7.34576585329145,7.98627161438032,8.29645628952742,6.41366859441388,8.15809030796761,7.14766975973631,9.34932793661424,6.5188397804274,8.51545252681812,6.15495960295179,5.16087163108426,7.57254039921909
"77",9.02099716476808,5.70069864817995,8.3866571671181,9.85108876747866,8.79237663368773,8.04781068823172,6.58874174743141,7.56090230898061,6.68381562562744,6.11704312544705,7.66566948025138,8.92602843811119,9.33301788223504,6.87705918882572,5.83377796124799,6.65454575258851,8.1275174288079,3.54175225017719,8.21933871734372,6.35558946075578,6.46911384389359,8.25840070861688,7.30677030891449,6.71678584147098,8.24223088464814,5.69208856571563,4.61465669296879,7.6151173220457,7.37330637753074,8.61503211853425,5.70378963867222,7.49835997676498,7.42295541839799,8.74605483064796,6.5939028875399,8.02138148912951,5.48465223277366,4.57874845241518,7.48386605430628
"78",8.01997657577394,6.18027480129749,8.01503581170131,9.68699540137474,8.66838361061438,7.80901556919898,6.83334568354843,7.05937337228046,6.958722062957,5.41193059052062,7.93923768293195,8.71098140531224,8.944980125034,6.28187964535912,5.12070180246818,6.06862243362538,7.53796297775817,3.07649427828658,7.95325809212994,5.66413850467734,6.83895125913496,7.91306226237872,7.63690781693911,6.11570092789931,7.89798957544969,5.98952025528809,4.94138757215163,7.78471445629996,6.72806262919205,8.8295679610854,5.00527802246319,6.81598252707081,7.61960710673353,8.01932320119182,6.57147709354706,7.44382109751008,4.80790543349638,4.00436046302626,7.32601770520855
"79",6.97210165713839,6.65624333145264,7.53486563596716,9.36049904837544,8.40076272080688,7.46645052279977,7.02832496040156,6.50515065135413,7.2095527522361,4.71903317056181,8.15030041050158,8.39354085765758,8.42969502964192,5.67422085222284,4.41026298038822,5.47345619947229,6.88282405563689,2.66058684044467,7.56923193781165,4.98303157148539,7.16526256435318,7.46558440489869,7.92944647080872,5.50474231324399,7.45980909719973,6.30779542706098,5.31462353494755,7.83532691295346,6.06920500646768,8.92430419041631,4.33918398868039,6.13315671323426,7.72309898299763,7.20306571218929,6.44201625127502,6.80594521616084,4.14440767793091,3.45113621964062,7.09913082860459
"80",5.92053292358735,7.1052355587045,6.96370651308347,8.88221279055799,7.99539572798747,7.02855242155408,7.1553368452591,5.91660672385744,7.41889512398863,4.05760466623503,8.28719322590921,7.9819013579978,7.8176318834295,5.07219034412077,3.72330724042546,4.88630130611203,6.18965232010101,2.29405953413514,7.07977902306387,4.33361630939547,7.42706057843213,6.93194037916486,8.161890730891,4.9007727471259,6.94757434136877,6.62961234244938,5.72165230357729,7.75591533825384,5.41403394249762,8.89018498570071,3.72217062656585,5.46882218692116,7.72425994738898,6.33313147082589,6.20281893194311,6.13115422936446,3.51198141101364,2.93031935524828,6.80569608051071
"81",4.90555903572844,7.50238137041284,6.32491056087689,8.2724480023491,7.4672643334568,6.50898240453901,7.19806720040713,5.31316889014396,7.56842400591643,3.44304066465639,8.33707812608086,7.4895038335748,7.14358024788382,4.49219832399987,3.07764225147476,4.3228591668987,5.48551546898819,1.97445464556273,6.50398188312482,3.73254093962093,7.60595509460577,6.33335918801972,8.3124871284427,4.31786762232079,6.38403489621373,6.93569579448983,6.14407283929758,7.5447139946977,4.77800751356104,8.72562557413457,3.16570345733574,4.83796583104993,7.61990475135996,5.44577913952521,5.85839696504132,5.44216395215983,2.92616173621931,2.4507005195553,6.45069762078104
"82",3.96308438906354,7.82283467717413,5.64625895015942,7.55945198187285,6.83891647861939,5.92590013727254,7.14334541673216,4.71442365507875,7.64016888487522,2.88682399113475,8.28739354262021,6.93397674625088,6.44410905163831,3.94852198962864,2.48769780013232,3.79675978535611,4.79588222169823,1.6972048966692,5.8660930981662,3.19164970986776,7.68710410348898,5.69485340639374,8.36163299016865,3.76732188770491,5.79335210369311,7.20578469454246,6.55901638581841,7.20863497194378,4.17440668494584,8.43607341663727,2.67611938361157,4.25159055497773,7.41262966183135,4.57614860309421,5.41983355835217,4.76038104899501,2.39980274443532,2.0187419222954,6.04148150438418
"83",3.12093751320506,8.04553226060715,4.95659609347005,6.77504712750775,6.13666673542948,5.30016779734784,6.98387744297413,4.13791917840216,7.61963232561458,2.39640770642002,8.12944397907394,6.33451845668285,5.75131742479168,3.4522424485377,1.96370458014032,3.31829090838176,4.14189768590571,1.45656285221185,5.19208972857159,2.71774742683868,7.661542712812,5.04158036496477,8.29533917743086,3.25767976819269,5.19752937015849,7.4210630916612,6.94217257320145,6.76176446472077,3.61352016509788,8.03290150229546,2.25481947003,3.7166570804716,7.11028962149537,3.75452087707198,4.90318509031469,4.10438266067588,1.94211504150447,1.63889281320418,5.58742627243835
"84",2.39788874658484,8.15422669372228,4.28487057822274,5.95340281240963,5.38952585225319,4.65482728223702,6.71897514304835,3.5985622588811,7.49664370173544,1.97519720235483,7.85938198757791,5.71116742557833,5.09114580278303,3.01096042871968,1.51148334696216,2.89405767207367,3.53965275389025,1.24586396357051,4.50870667946932,2.3125554467678,7.52680343212919,4.39782986325427,8.10617193694109,2.79474554477954,4.61544579110151,7.56483667774501,7.26865137106591,6.22490707710627,3.10243000135631,7.53307418728321,1.89835167131819,3.2360885647593,6.72582006900349,3.0053002867191,4.32901848949953,3.48950531880005,1.55840910139245,1.31367940363113,5.09983676792577
"85",1.8039727268374,8.13836731247473,3.65808331717844,5.12891186087623,4.62733640275983,4.01359745376485,6.35439540606109,3.10813525409059,7.26597167504854,1.62304968437576,7.47888509162655,5.08380113854635,4.48295996051574,2.62883718235037,1.13280054989624,2.52701280850176,3.00021554409251,1.05802713962798,3.84189675241413,1.97342187581972,7.28673362814298,3.78571457405265,7.79370575221124,2.38168715696125,4.06255815061185,7.62341571971891,7.51481615514063,5.62366250294601,2.64517538851243,6.95777681860792,1.59955631778228,2.80951952565222,6.27583834168412,2.34650568412279,3.72116988753807,2.92773670426113,1.25015954435945,1.04389820742555,4.59128766012716
"86",1.34120361839068,7.99499355354552,3.09685426895486,4.3316062428282,3.87674786059527,3.39762432117149,5.90197942483242,2.67425846588062,6.92863829624659,1.33735745876376,6.99660752738196,4.46997742054094,3.93867659587394,2.30668780298019,0.826142858906383,2.21652768214001,2.52971146818622,0.886635819994838,3.21350741156556,1.6948621683934,6.95108962647715,3.22234701184191,7.36548989869877,2.01926066169245,3.55027051875784,7.58801845092781,7.6622441947387,4.98426273459719,2.24311133490949,6.3294498756778,1.35004845094757,2.4349196124302,5.77761408786534,1.78868385731323,3.10406061770775,2.42748764673241,1.01514868544438,0.829033785595811,4.07420177960255
"87",1.00380012657156,7.72914407234941,2.61439605220206,3.58607532093219,3.16026966028913,2.82471677844034,5.37951689003784,2.30016472180007,6.49220195389843,1.11331665964223,6.42847114552474,3.88442682940372,3.46261038332583,2.04202327799202,0.58692252757683,1.95843343867662,2.12937354147422,0.726200038874494,2.64050634843428,1.46895096034994,6.53539716611246,2.71919427545504,6.83721886951237,1.70588103308385,3.08581362824247,7.45520273259707,7.69865040809603,4.33256119383766,1.89500933281506,5.67106342815083,1.14082530179575,2.10899232914792,5.24834348071516,1.33469053441434,2.50203544713106,1.99354937579069,0.847526450194784,0.667356434139588,3.5605067425042
"88",0.779887454348912,7.35293230450651,2.21668662240819,2.91105053860283,2.49598857714291,2.30912765676843,4.80923787498955,1.98517084261484,5.97008647715586,0.944406861571475,5.79629305894917,3.33890878538992,3.05294883649162,1.82964206601706,0.408205386414954,1.74573730138652,1.79646415107949,0.572457088645849,2.13496405537801,1.28628542344201,6.05964064196772,2.28243037874161,6.23114178258975,1.43816163577723,2.67300665293315,7.22652968393117,7.61793190182163,3.69282366394745,1.5975566520027,5.00510057517508,0.96312355371224,1.82777519228589,4.70455752318151,0.980680780013035,1.93829193503908,1.62739457989226,0.738581454369764,0.555934213945568,3.0612759875874
"89",0.654733941975167,6.8837836520659,1.90280711993849,2.31862487806969,1.89703946969976,1.86114398215391,4.2149442540646,1.72557683597221,5.38030192625558,0.823301314542881,5.12517155611445,2.84194237813204,2.70456021795552,1.6627554358324,0.28209429550313,1.56998524706698,1.52602864350397,0.422941291196128,1.7040276512341,1.13781490661482,5.54577011109522,1.91361252522956,5.57303408899329,1.21194015522012,2.3137078916805,6.90791970633067,7.42024439163031,3.08543666260837,1.34630554203327,4.35162956786308,0.810045155823154,1.58777817929412,4.16100265364249,0.717995605518331,1.43284906869205,1.32775068002191,0.678207758287956,0.490654961299175,2.58604879994907
"90",0.611462357158375,6.34399590818622,1.66509711906481,1.81415493156899,1.37154105857187,1.48703144438533,3.62137026696091,1.51488977789169,4.74511541605739,0.742066151065509,4.44289096885168,2.39878165080988,2.40961554411813,1.53323715540535,0.200032651940445,1.42157141338225,1.31128658920808,0.277091004149757,1.34996235663173,1.01522625440524,5.01714168561366,1.60987080278181,4.8914959509064,1.02250683217977,2.00812890128559,6.50945560440517,7.11194359358878,2.52645727344513,1.13588778285966,3.7279093655799,0.676882805492815,1.38621226024828,3.63041848398001,0.533613843725604,1.00213535941588,1.09074820119757,0.655236176186225,0.466242829055463,2.14269600497207
"91",0.632450451009349,5.75875760504187,1.49119307734256,1.3976425750812,0.923583735214609,1.18966337088245,3.05273026768035,1.34482665656354,4.0893749979192,0.692534921971938,3.77830798804067,2.01210370528802,2.15891886222697,1.4321661012206,0.153390823920254,1.29056002801831,1.14452825127941,0.136069830798801,1.07124341748286,0.91134384233589,4.49716447073827,1.36516035246922,4.21579809454641,0.865113206303168,1.7553530930916,6.04381075171391,6.70385684940442,2.02786998420484,0.960564465508171,3.14823823820104,0.561080390632555,1.22097613475058,3.1236079520899,0.411839148275436,0.658916057215535,0.910691825399075,0.658278571845718,0.476541222929624,1.7374790978749
"92",0.701669199309249,5.1528370646071,1.36743552418058,1.0660453004733,0.554881276164895,0.969572499516518,2.53029373433487,1.20698991979047,3.43770900469801,0.666933846791542,3.15865658808151,1.68315919164246,1.9441284026153,1.35073226663768,0.134445182239071,1.16805811543141,1.01861153767925,0.0024672341769687,0.864381400928851,0.820796616278889,4.00704103847721,1.17235389353189,3.57228366754894,0.735821604497024,1.55420130539127,5.5236221800034,6.20839388543012,1.5980181052623,0.815144148395348,2.62370244173903,0.462165385529039,1.09063302548291,2.64955560800081,0.337118285437922,0.412173329884164,0.781348771171192,0.677137858712358,0.514985741100423,1.37514970396356
"93",0.805105232812281,4.54994307980664,1.27953220329209,0.813749272481759,0.265097490010364,0.825176084204132,2.07196059141915,1.0931871155297,2.8139645694246,0.658004941351194,2.60903532899187,1.41199219491687,1.75814826484815,1.28041385321932,0.136554841897378,1.04646156103814,0.927229461751963,-0.119790239514683,0.724287642820429,0.740114379129543,3.56535536197692,1.02364640116978,2.98372061673522,0.631648774814917,1.40338981726089,4.96099593222896,5.63897806974096,1.24172684786525,0.695148296069656,2.16216237069379,0.381699304717672,0.994395951347147,2.21545780894324,0.294575159236337,0.267133893101778,0.696200389174313,0.703059313196356,0.574714980172721,1.05898275167312
"94",0.931092262102886,3.97147197556339,1.2139472104069,0.633956731917575,0.0526181316897381,0.753593101227986,1.69217309682992,0.995990800508873,2.23975373432508,0.659288257321928,2.15153409519059,1.19783250144095,1.59526063979902,1.21336102443784,0.15429792250313,0.919612911149177,0.86506555959284,-0.226141875983915,0.645212441803737,0.667361156398909,3.1876791272535,0.911358909687005,2.46883783274635,0.550499016252191,1.30168422665176,4.36675267984986,5.00874642189421,0.961223892417047,0.596933102903735,1.76881778069291,0.322557306656854,0.931923864095011,1.82690751943226,0.270883768961921,0.226190263855483,0.648983394970672,0.728865322047267,0.649120500164442,0.79108006204881
"95",1.07079737131046,3.43466732902402,1.15994140671253,0.520724229983358,-0.0843152016302788,0.751844911457709,1.40178716362019,0.909560851378295,1.7323176673592,0.665536468016033,1.80395160588185,1.03967170960193,1.45131938211779,1.14295958825767,0.183671474733465,0.783032822455333,0.828021796054628,-0.312425739387592,0.622123271714688,0.601596142558801,2.88599390675766,0.829119125487313,2.04164465326719,0.491065615583569,1.2481253071707,3.7493199214427,4.32864004140881,0.757492167111089,0.51786822300512,1.44703855947529,0.287869477471265,0.90302204592043,1.48816586501242,0.25555021088427,0.29025473195027,0.634484863627282,0.749152939792165,0.732654927574583,0.572816489100198
"96",1.21825275129249,2.95238026541407,1.10984248456213,0.469267639082159,-0.147424429251057,0.817052895883594,1.20810456814533,0.829747672293923,1.30425218133358,0.672768827544095,1.57963665881899,0.936361655455087,1.32375101008015,1.06391545634847,0.222098077523423,0.633925223955369,0.813236964810359,-0.375043025766699,0.650913334316109,0.542767120363856,2.66865069287973,0.772030028964129,1.71140183444588,0.452797628055963,1.24205846818497,3.11459821638587,3.60712974910376,0.63050189504954,0.45634492420225,1.19852560001492,0.280836748531291,0.907595220241076,1.20221817847217,0.241070763941741,0.459000699341072,0.648656308482447,0.760297391047641,0.820950146217993,0.404920245171871
"97",1.36971993869316,2.53359588070087,1.05852875461688,0.476000102000345,-0.138201666957226,0.946743054205381,1.11567919055391,0.753795659221151,0.964177041403772,0.67815191027811,1.48798530493139,0.886817048749258,1.21111887141352,0.972266822624757,0.268063130820909,0.470718524583781,0.818844167504043,-0.411130941493322,0.728463526284465,0.491293244679209,2.5410819531529,0.73656504732627,1.48375282362078,0.43560783253524,1.28306979633132,2.46644352306152,2.85035963289157,0.579701048399368,0.411487287105309,1.02390060695399,0.304308136849095,0.945609678928903,0.971021181763881,0.222425317221838,0.731496356630537,0.688551681165077,0.760046260877022,0.910789330608363,0.287694315524327
"98",1.52286800713549,2.18411385559619,1.0027617091739,0.538580885124247,-0.0576594590802415,1.1392396009394,1.12735914442258,0.679959828601923,0.717601295597234,0.679845418645115,1.53508360305459,0.890277336764584,1.11255978105905,0.865399849881911,0.320646013935388,0.292472572353404,0.843657317933662,-0.418786059052835,0.852722401248414,0.447525816548861,2.50672206316069,0.720432443822745,1.36218606753513,0.439495254561763,1.3709033631018,1.80729075954747,2.06233277582774,0.604649159821776,0.382778894121003,0.923468378009886,0.360234404521336,1.0170443585268,0.795822457905203,0.196422467905407,1.10702361836664,0.752247155247503,0.746994940779771,1.00007071862049,0.221302607306754
"99",1.676630851201,1.90672252122129,0.941048515130223,0.655886012312909,0.0936872276927865,1.39369214516482,1.24446488037709,0.607429127056037,0.567119621651248,0.676955337422772,1.72387986913979,0.946331133822074,1.02769725196233,0.742013745190246,0.379444311510056,0.0987862071209733,0.887113052517439,-0.397065456544695,1.02268627405055,0.411682354764686,2.56717856398708,0.722523822654011,1.34827912510183,0.464495168940552,1.50544625675668,1.13827201421587,1.24499418325673,0.705093414935785,0.370005644743593,0.897321259818753,0.449624117333638,1.12188460251223,0.67721992503941,0.16156591053479,1.58517476012402,0.838802738233728,0.720497149212445,1.08777190553931,0.205809546189158
"100",1.83070147676273,1.70234933618701,0.872948439197046,0.827542654123022,0.315642480307076,1.70977871117856,1.4673928421916,0.535958073117968,0.513548174699679,0.66917623764499,2.05537416848034,1.05480174993352,0.956439724495453,0.601637375289386,0.444359237083233,-0.110429635369712,0.949030049270959,-0.345631126087426,1.23800602659207,0.383877711693003,2.72294803965053,0.742464722004456,1.44246974661576,0.510650526109544,1.68666973894977,0.45973020358457,0.399008678031407,0.880913738483173,0.373126148382028,0.945442560264667,0.572874498718875,1.26012163098341,0.615410735399394,0.117391094049253,2.16575945811348,0.947892620022628,0.680363290976743,1.17354234477671,0.241223943940497
"101",1.98495706194194,1.57136887983529,0.79828431771648,1.05339976276468,0.608126466642261,2.08736808851199,1.79630175960506,0.465447968577564,0.557215944732889,0.656384605965513,2.52997066688704,1.21561704091346,0.898751178560588,0.444079694632819,0.515351684225607,-0.335209876512181,1.02933539726178,-0.264345689163065,1.49854007444765,0.364159459150642,2.9742299992281,0.780103674763268,1.64493250653095,0.577979472761626,1.91456234573138,-0.228196948652112,-0.475354694840462,1.13206035024291,0.392124377425034,1.06782410697588,0.730147595307926,1.4317519385952,0.610474248921264,0.0637110626717003,2.84869908576866,1.07938490853053,0.626517523973916,1.25724005269581,0.327548867476253
